solid OpenSCAD_Model
  facet normal 0 -0.991444 -0.130531
    outer loop
      vertex 3 3.07143 5.65418
      vertex 112 3.02567 6.00175
      vertex 3 3.02567 6.00175
    endloop
  endfacet
  facet normal 0 -0.991444 -0.130531
    outer loop
      vertex 112 3.02567 6.00175
      vertex 3 3.07143 5.65418
      vertex 112 3.07143 5.65418
    endloop
  endfacet
  facet normal -0.113283 -0.860449 -0.496785
    outer loop
      vertex 3 3.27412 4.89771
      vertex 2.384 3.7468 4.21948
      vertex 3 3.6657 4.21948
    endloop
  endfacet
  facet normal 0 -1 0
    outer loop
      vertex 3 3.02567 44.9983
      vertex 15 3.02567 41.0017
      vertex 112 3.02567 44.9983
    endloop
  endfacet
  facet normal 0 -1 0
    outer loop
      vertex 3 3.02567 44.9983
      vertex 15 3.02567 9.99825
      vertex 15 3.02567 41.0017
    endloop
  endfacet
  facet normal 0 -1 -0
    outer loop
      vertex 15 3.02567 9.99825
      vertex 3 3.02567 6.00175
      vertex 100 3.02567 9.99825
    endloop
  endfacet
  facet normal 0 -1 0
    outer loop
      vertex 3 3.02567 6.00175
      vertex 15 3.02567 9.99825
      vertex 3 3.02567 44.9983
    endloop
  endfacet
  facet normal 0 -1 0
    outer loop
      vertex 100 3.02567 41.0017
      vertex 112 3.02567 44.9983
      vertex 15 3.02567 41.0017
    endloop
  endfacet
  facet normal 0 -1 0
    outer loop
      vertex 100 3.02567 9.99825
      vertex 112 3.02567 44.9983
      vertex 100 3.02567 41.0017
    endloop
  endfacet
  facet normal 0 -1 0
    outer loop
      vertex 100 3.02567 9.99825
      vertex 112 3.02567 6.00175
      vertex 112 3.02567 44.9983
    endloop
  endfacet
  facet normal 0 -1 0
    outer loop
      vertex 112 3.02567 6.00175
      vertex 100 3.02567 9.99825
      vertex 3 3.02567 6.00175
    endloop
  endfacet
  facet normal 0.991357 -0.130067 -0.0171243
    outer loop
      vertex 114.974 6 6.00175
      vertex 114.873 5.27595 5.65418
      vertex 114.974 6.04576 5.65418
    endloop
  endfacet
  facet normal 0.991357 -0.130067 -0.0171243
    outer loop
      vertex 114.873 5.27595 5.65418
      vertex 114.974 6 6.00175
      vertex 114.873 5.23019 6.00175
    endloop
  endfacet
  facet normal 0.0340515 0.258652 -0.96537
    outer loop
      vertex 112.101 32.3325 3.07143
      vertex 112 33.1023 3.27412
      vertex 112.297 33.0632 3.27412
    endloop
  endfacet
  facet normal -0.129372 0.983134 -0.129267
    outer loop
      vertex 3 34.9286 5.65418
      vertex 2.23019 34.873 6.00175
      vertex 3 34.9743 6.00175
    endloop
  endfacet
  facet normal -0.129492 0.983082 -0.129543
    outer loop
      vertex 2.23019 34.873 6.00175
      vertex 3 34.9286 5.65418
      vertex 2.23019 34.8272 5.65418
    endloop
  endfacet
  facet normal -0.528329 -0.688529 -0.496786
    outer loop
      vertex 1.61418 3.64545 4.89771
      vertex 1.31704 4.36281 4.21948
      vertex 1.80997 3.98457 4.21948
    endloop
  endfacet
  facet normal -0.866024 0 -0.500003
    outer loop
      vertex 0.619941 6.39333 4.17372
      vertex 0.228362 31.6067 4.85195
      vertex 0.619941 31.6067 4.17372
    endloop
  endfacet
  facet normal -0.866024 -0 -0.500003
    outer loop
      vertex 0.228362 31.6067 4.85195
      vertex 0.619941 6.39333 4.17372
      vertex 0.228362 6.39333 4.85195
    endloop
  endfacet
  facet normal -0.258662 0.0340587 -0.965367
    outer loop
      vertex 2.62176 31.708 3.02567
      vertex 1.85195 31.6067 3.22836
      vertex 1.89107 31.9038 3.22836
    endloop
  endfacet
  facet normal -0.258812 0 -0.965928
    outer loop
      vertex 1.85195 6.39333 3.22836
      vertex 2.60842 31.6067 3.02567
      vertex 2.60842 6.39333 3.02567
    endloop
  endfacet
  facet normal -0.258812 0 -0.965928
    outer loop
      vertex 2.60842 31.6067 3.02567
      vertex 1.85195 6.39333 3.22836
      vertex 1.85195 31.6067 3.22836
    endloop
  endfacet
  facet normal -0.605416 0.789117 -0.103757
    outer loop
      vertex 1.51283 34.5301 5.65418
      vertex 0.896829 34.1032 6.00175
      vertex 1.51283 34.5758 6.00175
    endloop
  endfacet
  facet normal -0.605483 0.789037 -0.103973
    outer loop
      vertex 0.896829 34.1032 6.00175
      vertex 1.51283 34.5301 5.65418
      vertex 0.896829 34.0574 5.65418
    endloop
  endfacet
  facet normal 0.588397 -0.766804 -0.256516
    outer loop
      vertex 114.103 3.94259 5.65418
      vertex 113.487 3.46991 5.65418
      vertex 113.96 4.08592 4.89771
    endloop
  endfacet
  facet normal 0.500131 0 -0.86595
    outer loop
      vertex 113.148 6.39333 3.22836
      vertex 113.826 31.6067 3.61994
      vertex 113.826 6.39333 3.61994
    endloop
  endfacet
  facet normal 0.500131 0 -0.86595
    outer loop
      vertex 113.826 31.6067 3.61994
      vertex 113.148 6.39333 3.22836
      vertex 113.148 31.6067 3.22836
    endloop
  endfacet
  facet normal 0 0.50002 -0.866014
    outer loop
      vertex 3 33.1023 3.27412
      vertex 112 33.7805 3.6657
      vertex 112 33.1023 3.27412
    endloop
  endfacet
  facet normal 0 0.50002 -0.866014
    outer loop
      vertex 112 33.7805 3.6657
      vertex 3 33.1023 3.27412
      vertex 3 33.7805 3.6657
    endloop
  endfacet
  facet normal -0.192573 -0.464924 -0.864154
    outer loop
      vertex 2.52732 4.28171 3.6657
      vertex 2.08686 4.46415 3.6657
      vertex 2.70286 4.93683 3.27412
    endloop
  endfacet
  facet normal 0.923943 -0.382529 0
    outer loop
      vertex 114.576 4.51283 44.9983
      vertex 114.873 5.23019 6.00175
      vertex 114.873 5.23019 44.9983
    endloop
  endfacet
  facet normal 0.923943 -0.382529 0
    outer loop
      vertex 114.873 5.23019 6.00175
      vertex 114.576 4.51283 44.9983
      vertex 114.576 4.51283 6.00175
    endloop
  endfacet
  facet normal 0.432205 0.563398 -0.704118
    outer loop
      vertex 113.683 33.6372 4.21948
      vertex 112.913 33.5358 3.6657
      vertex 113.19 34.0154 4.21948
    endloop
  endfacet
  facet normal -0.68853 -0.528329 -0.496784
    outer loop
      vertex 1.31704 4.36281 4.21948
      vertex 0.599691 4.65994 4.89771
      vertex 0.938808 4.85573 4.21948
    endloop
  endfacet
  facet normal 0.528269 0.688525 -0.496856
    outer loop
      vertex 113.683 33.6372 4.21948
      vertex 113.386 34.3545 4.89771
      vertex 113.96 33.9141 4.89771
    endloop
  endfacet
  facet normal 0.0340602 0.258653 -0.96537
    outer loop
      vertex 112.101 32.3325 3.07143
      vertex 112 32.3458 3.07143
      vertex 112 33.1023 3.27412
    endloop
  endfacet
  facet normal -0.113279 -0.860447 -0.496788
    outer loop
      vertex 3 3.27412 4.89771
      vertex 2.28265 3.36856 4.89771
      vertex 2.384 3.7468 4.21948
    endloop
  endfacet
  facet normal -0.464917 -0.192579 -0.864156
    outer loop
      vertex 2.00576 5.47174 3.27412
      vertex 1.41839 5.13262 3.6657
      vertex 1.89107 5.74862 3.27412
    endloop
  endfacet
  facet normal -0.528336 -0.688527 -0.496781
    outer loop
      vertex 1.61418 3.64545 4.89771
      vertex 1.04016 4.08592 4.89771
      vertex 1.31704 4.36281 4.21948
    endloop
  endfacet
  facet normal -0.588361 -0.766752 -0.256753
    outer loop
      vertex 1.51283 3.46991 5.65418
      vertex 1.04016 4.08592 4.89771
      vertex 1.61418 3.64545 4.89771
    endloop
  endfacet
  facet normal -0.126228 0.958195 -0.256767
    outer loop
      vertex 2.28265 34.6314 4.89771
      vertex 2.23019 34.8272 5.65418
      vertex 3 34.7259 4.89771
    endloop
  endfacet
  facet normal -0.369866 0.892901 -0.256763
    outer loop
      vertex 2.28265 34.6314 4.89771
      vertex 1.61418 34.3545 4.89771
      vertex 2.23019 34.8272 5.65418
    endloop
  endfacet
  facet normal -0.158858 0.206968 -0.965364
    outer loop
      vertex 2.80421 32.2934 3.07143
      vertex 2.18821 32.766 3.27412
      vertex 2.42598 32.9485 3.27412
    endloop
  endfacet
  facet normal -0.332121 -0.801809 -0.496788
    outer loop
      vertex 2.28265 3.36856 4.89771
      vertex 1.61418 3.64545 4.89771
      vertex 2.384 3.7468 4.21948
    endloop
  endfacet
  facet normal -0.860449 -0.11328 -0.496784
    outer loop
      vertex 0.322803 5.32841 4.89771
      vertex 0.228362 6.04576 4.89771
      vertex 0.701039 5.42976 4.21948
    endloop
  endfacet
  facet normal -0.332119 -0.80181 -0.496787
    outer loop
      vertex 2.384 3.7468 4.21948
      vertex 1.61418 3.64545 4.89771
      vertex 1.80997 3.98457 4.21948
    endloop
  endfacet
  facet normal -0.76675 0.588379 -0.256716
    outer loop
      vertex 0.599691 33.3401 4.89771
      vertex 0.424151 33.4414 5.65418
      vertex 1.04016 33.9141 4.89771
    endloop
  endfacet
  facet normal -0.860449 0.11328 -0.496784
    outer loop
      vertex 0.619941 31.9542 4.21948
      vertex 0.228362 31.9542 4.89771
      vertex 0.701039 32.5702 4.21948
    endloop
  endfacet
  facet normal -0.801826 0.332084 -0.496785
    outer loop
      vertex 0.701039 32.5702 4.21948
      vertex 0.599691 33.3401 4.89771
      vertex 0.938808 33.1443 4.21948
    endloop
  endfacet
  facet normal -0.126154 -0.95821 -0.256745
    outer loop
      vertex 3 3.07143 5.65418
      vertex 2.23019 3.17278 5.65418
      vertex 3 3.27412 4.89771
    endloop
  endfacet
  facet normal 0.129388 -0.98311 -0.129433
    outer loop
      vertex 112 3.07143 5.65418
      vertex 112.77 3.12701 6.00175
      vertex 112 3.02567 6.00175
    endloop
  endfacet
  facet normal 0.1294 -0.983105 -0.129461
    outer loop
      vertex 112.77 3.12701 6.00175
      vertex 112 3.07143 5.65418
      vertex 112.77 3.17278 5.65418
    endloop
  endfacet
  facet normal -0.922711 -0.382195 -0.0503186
    outer loop
      vertex 0.424151 4.55859 5.65418
      vertex 0.127014 5.23019 6.00175
      vertex 0.127014 5.27595 5.65418
    endloop
  endfacet
  facet normal -0.922711 -0.382195 -0.0503186
    outer loop
      vertex 0.127014 5.23019 6.00175
      vertex 0.424151 4.55859 5.65418
      vertex 0.424151 4.51283 6.00175
    endloop
  endfacet
  facet normal 0 -0.866023 -0.500004
    outer loop
      vertex 3 3.6657 4.21948
      vertex 112 3.27412 4.89771
      vertex 3 3.27412 4.89771
    endloop
  endfacet
  facet normal 0 -0.866023 -0.500004
    outer loop
      vertex 112 3.27412 4.89771
      vertex 3 3.6657 4.21948
      vertex 112 3.6657 4.21948
    endloop
  endfacet
  facet normal -0.498924 -0.0656859 -0.864153
    outer loop
      vertex 1.89107 6.09619 3.22836
      vertex 1.17372 6.39333 3.61994
      vertex 1.85195 6.39333 3.22836
    endloop
  endfacet
  facet normal -0.487037 0.113993 -0.86591
    outer loop
      vertex 1.23595 32.0793 3.61994
      vertex 1.89107 32.2514 3.27412
      vertex 1.89107 31.9038 3.22836
    endloop
  endfacet
  facet normal -0.487037 0.113993 -0.86591
    outer loop
      vertex 1.89107 32.2514 3.27412
      vertex 1.23595 32.0793 3.61994
      vertex 1.23595 32.4269 3.6657
    endloop
  endfacet
  facet normal -0.432269 0.56341 -0.704069
    outer loop
      vertex 1.70862 33.2456 3.6657
      vertex 1.31704 33.6372 4.21948
      vertex 2.08686 33.5358 3.6657
    endloop
  endfacet
  facet normal -0.864153 0.0656998 -0.498922
    outer loop
      vertex 0.228362 31.6067 4.85195
      vertex 0.619941 31.9542 4.21948
      vertex 0.619941 31.6067 4.17372
    endloop
  endfacet
  facet normal -0.864153 0.0656998 -0.498922
    outer loop
      vertex 0.619941 31.9542 4.21948
      vertex 0.228362 31.6067 4.85195
      vertex 0.228362 31.9542 4.89771
    endloop
  endfacet
  facet normal 0.860234 -0.113115 -0.497194
    outer loop
      vertex 114.772 6.04576 4.89771
      vertex 114.299 5.42976 4.21948
      vertex 114.38 6.04576 4.21948
    endloop
  endfacet
  facet normal 0 0.258803 -0.96593
    outer loop
      vertex 3 32.3458 3.07143
      vertex 112 33.1023 3.27412
      vertex 112 32.3458 3.07143
    endloop
  endfacet
  facet normal 0 0.258803 -0.96593
    outer loop
      vertex 112 33.1023 3.27412
      vertex 3 32.3458 3.07143
      vertex 3 33.1023 3.27412
    endloop
  endfacet
  facet normal -0.563364 0.432325 -0.704071
    outer loop
      vertex 1.41839 32.8674 3.6657
      vertex 1.31704 33.6372 4.21948
      vertex 1.70862 33.2456 3.6657
    endloop
  endfacet
  facet normal -0.563381 0.432316 -0.704063
    outer loop
      vertex 1.41839 32.8674 3.6657
      vertex 0.938808 33.1443 4.21948
      vertex 1.31704 33.6372 4.21948
    endloop
  endfacet
  facet normal 0.706966 0 -0.707247
    outer loop
      vertex 114.38 6.39333 4.17372
      vertex 113.826 31.6067 3.61994
      vertex 114.38 31.6067 4.17372
    endloop
  endfacet
  facet normal 0.706966 0 -0.707247
    outer loop
      vertex 113.826 31.6067 3.61994
      vertex 114.38 6.39333 4.17372
      vertex 113.826 6.39333 3.61994
    endloop
  endfacet
  facet normal 0.0341894 -0.258661 -0.965363
    outer loop
      vertex 112.101 5.66753 3.07143
      vertex 112 4.89771 3.27412
      vertex 112 5.65418 3.07143
    endloop
  endfacet
  facet normal -0.0656859 -0.498924 -0.864153
    outer loop
      vertex 3 4.21948 3.6657
      vertex 2.70286 4.93683 3.27412
      vertex 3 4.89771 3.27412
    endloop
  endfacet
  facet normal 0.892802 0.369942 -0.256998
    outer loop
      vertex 114.677 32.6716 4.89771
      vertex 114.4 33.3401 4.89771
      vertex 114.873 32.7241 5.65418
    endloop
  endfacet
  facet normal -0.0926939 -0.704062 -0.704062
    outer loop
      vertex 3 3.6657 4.21948
      vertex 2.384 3.7468 4.21948
      vertex 3 4.21948 3.6657
    endloop
  endfacet
  facet normal -0.432308 -0.563393 -0.704059
    outer loop
      vertex 1.80997 3.98457 4.21948
      vertex 1.31704 4.36281 4.21948
      vertex 2.08686 4.46415 3.6657
    endloop
  endfacet
  facet normal -0.271759 -0.656086 -0.704058
    outer loop
      vertex 2.384 3.7468 4.21948
      vertex 1.80997 3.98457 4.21948
      vertex 2.08686 4.46415 3.6657
    endloop
  endfacet
  facet normal -0.30056 -0.124499 -0.945602
    outer loop
      vertex 1.89107 5.74862 3.27412
      vertex 2.00576 5.8193 3.22836
      vertex 2.00576 5.47174 3.27412
    endloop
  endfacet
  facet normal -0.300562 -0.124495 -0.945602
    outer loop
      vertex 2.00576 5.8193 3.22836
      vertex 1.89107 5.74862 3.27412
      vertex 1.89107 6.09619 3.22836
    endloop
  endfacet
  facet normal -0.704062 -0.0926923 -0.704063
    outer loop
      vertex 1.23595 5.92065 3.61994
      vertex 0.701039 5.77732 4.17372
      vertex 1.17372 6.39333 3.61994
    endloop
  endfacet
  facet normal -0.965365 -0.0340556 -0.258669
    outer loop
      vertex 0.228362 6.04576 4.89771
      vertex 0.0256662 6.39333 5.60842
      vertex 0.228362 6.39333 4.85195
    endloop
  endfacet
  facet normal -0.965365 -0.0340556 -0.258669
    outer loop
      vertex 0.0256662 6.39333 5.60842
      vertex 0.228362 6.04576 4.89771
      vertex 0.0256662 6.04576 5.65418
    endloop
  endfacet
  facet normal -0.688528 -0.528336 -0.496779
    outer loop
      vertex 1.04016 4.08592 4.89771
      vertex 0.599691 4.65994 4.89771
      vertex 1.31704 4.36281 4.21948
    endloop
  endfacet
  facet normal 0.207135 0.158598 -0.965371
    outer loop
      vertex 112.994 32.5283 3.27412
      vertex 112.339 32.15 3.07143
      vertex 112.812 32.766 3.27412
    endloop
  endfacet
  facet normal -0.0996326 0.129907 -0.986508
    outer loop
      vertex 2.72311 32.2311 3.07143
      vertex 2.80421 31.9458 3.02567
      vertex 2.72311 31.8836 3.02567
    endloop
  endfacet
  facet normal -0.0997632 0.129868 -0.9865
    outer loop
      vertex 2.80421 31.9458 3.02567
      vertex 2.72311 32.2311 3.07143
      vertex 2.80421 32.2934 3.07143
    endloop
  endfacet
  facet normal 0 -0.991443 0.130538
    outer loop
      vertex 15 3.02567 9.99825
      vertex 99.6524 3.07143 10.3458
      vertex 15.3476 3.07143 10.3458
    endloop
  endfacet
  facet normal 0 -0.991443 0.130538
    outer loop
      vertex 99.6524 3.07143 10.3458
      vertex 15 3.02567 9.99825
      vertex 100 3.02567 9.99825
    endloop
  endfacet
  facet normal 0 -0.965923 0.258829
    outer loop
      vertex 15.7698 3.12701 10.5533
      vertex 98.875 3.27412 11.1023
      vertex 16.125 3.27412 11.1023
    endloop
  endfacet
  facet normal 0 -0.965923 0.258829
    outer loop
      vertex 15.7698 3.12701 10.5533
      vertex 99.2302 3.12701 10.5533
      vertex 98.875 3.27412 11.1023
    endloop
  endfacet
  facet normal 0 -0.965948 0.258735
    outer loop
      vertex 15.3476 3.07143 10.3458
      vertex 99.2302 3.12701 10.5533
      vertex 15.7698 3.12701 10.5533
    endloop
  endfacet
  facet normal 0 -0.965948 0.258735
    outer loop
      vertex 99.2302 3.12701 10.5533
      vertex 15.3476 3.07143 10.3458
      vertex 99.6524 3.07143 10.3458
    endloop
  endfacet
  facet normal 0 -0.258803 0.96593
    outer loop
      vertex 17.9288 5.65418 12.9286
      vertex 97.127 5.23019 12.815
      vertex 97.0712 5.65418 12.9286
    endloop
  endfacet
  facet normal 0 -0.258803 0.96593
    outer loop
      vertex 17.873 5.23019 12.815
      vertex 97.127 5.23019 12.815
      vertex 17.9288 5.65418 12.9286
    endloop
  endfacet
  facet normal 0 -0.258852 0.965917
    outer loop
      vertex 97.127 5.23019 12.815
      vertex 17.873 5.23019 12.815
      vertex 97.2647 4.89771 12.7259
    endloop
  endfacet
  facet normal 0 -0.258852 0.965917
    outer loop
      vertex 97.2647 4.89771 12.7259
      vertex 17.873 5.23019 12.815
      vertex 17.7353 4.89771 12.7259
    endloop
  endfacet
  facet normal -0.991298 -0.130507 -0.0171822
    outer loop
      vertex 0.127014 5.27595 5.65418
      vertex 0.0256662 6 6.00175
      vertex 0.0256662 6.04576 5.65418
    endloop
  endfacet
  facet normal -0.991298 -0.130507 -0.0171822
    outer loop
      vertex 0.0256662 6 6.00175
      vertex 0.127014 5.27595 5.65418
      vertex 0.127014 5.23019 6.00175
    endloop
  endfacet
  facet normal -0.79335 -0.608765 0
    outer loop
      vertex 0.896829 3.89683 6.00175
      vertex 0.424151 4.51283 44.9983
      vertex 0.424151 4.51283 6.00175
    endloop
  endfacet
  facet normal -0.79335 -0.608765 0
    outer loop
      vertex 0.424151 4.51283 44.9983
      vertex 0.896829 3.89683 6.00175
      vertex 0.896829 3.89683 44.9983
    endloop
  endfacet
  facet normal 0.766624 -0.588658 -0.256454
    outer loop
      vertex 114.103 3.94259 5.65418
      vertex 113.96 4.08592 4.89771
      vertex 114.576 4.55859 5.65418
    endloop
  endfacet
  facet normal 0.0993762 -0.241328 -0.965342
    outer loop
      vertex 112.574 5.05152 3.27412
      vertex 112.101 5.66753 3.07143
      vertex 112.196 5.70665 3.07143
    endloop
  endfacet
  facet normal 0.130485 -0.99145 0
    outer loop
      vertex 112 3.02567 6.00175
      vertex 112.77 3.12701 44.9983
      vertex 112 3.02567 44.9983
    endloop
  endfacet
  facet normal 0.130485 -0.99145 0
    outer loop
      vertex 112.77 3.12701 44.9983
      vertex 112 3.02567 6.00175
      vertex 112.77 3.12701 6.00175
    endloop
  endfacet
  facet normal 0.922779 0.382026 -0.0503403
    outer loop
      vertex 114.873 32.7698 6.00175
      vertex 114.576 33.4414 5.65418
      vertex 114.576 33.4872 6.00175
    endloop
  endfacet
  facet normal 0.922765 0.382074 -0.0502367
    outer loop
      vertex 114.576 33.4414 5.65418
      vertex 114.873 32.7698 6.00175
      vertex 114.873 32.7241 5.65418
    endloop
  endfacet
  facet normal 0.958478 -0.125753 -0.255942
    outer loop
      vertex 114.873 5.27595 5.65418
      vertex 114.772 6.04576 4.89771
      vertex 114.974 6.04576 5.65418
    endloop
  endfacet
  facet normal -0.306319 0.399249 -0.864158
    outer loop
      vertex 2.18821 32.766 3.27412
      vertex 1.70862 33.2456 3.6657
      vertex 2.08686 33.5358 3.6657
    endloop
  endfacet
  facet normal -0.0926923 0.70405 -0.704075
    outer loop
      vertex 3 33.7805 3.6657
      vertex 2.384 34.2532 4.21948
      vertex 3 34.3343 4.21948
    endloop
  endfacet
  facet normal -0.126215 0.9582 -0.256755
    outer loop
      vertex 3 34.7259 4.89771
      vertex 2.23019 34.8272 5.65418
      vertex 3 34.9286 5.65418
    endloop
  endfacet
  facet normal 0 0.707094 -0.70712
    outer loop
      vertex 112 33.7805 3.6657
      vertex 3 34.3343 4.21948
      vertex 112 34.3343 4.21948
    endloop
  endfacet
  facet normal 0 0.707094 -0.70712
    outer loop
      vertex 3 34.3343 4.21948
      vertex 112 33.7805 3.6657
      vertex 3 33.7805 3.6657
    endloop
  endfacet
  facet normal 0.0997543 0.129905 -0.986496
    outer loop
      vertex 112.196 31.9458 3.02567
      vertex 112.277 32.2311 3.07143
      vertex 112.277 31.8836 3.02567
    endloop
  endfacet
  facet normal 0.0998851 0.129867 -0.986488
    outer loop
      vertex 112.277 32.2311 3.07143
      vertex 112.196 31.9458 3.02567
      vertex 112.196 32.2934 3.07143
    endloop
  endfacet
  facet normal 0.299811 0.124515 -0.945838
    outer loop
      vertex 112.994 32.1807 3.22836
      vertex 113.109 32.2514 3.27412
      vertex 113.109 31.9038 3.22836
    endloop
  endfacet
  facet normal 0.299811 0.124515 -0.945838
    outer loop
      vertex 113.109 32.2514 3.27412
      vertex 112.994 32.1807 3.22836
      vertex 112.994 32.5283 3.27412
    endloop
  endfacet
  facet normal -0.369805 0.89291 -0.256818
    outer loop
      vertex 1.61418 34.3545 4.89771
      vertex 1.51283 34.5301 5.65418
      vertex 2.23019 34.8272 5.65418
    endloop
  endfacet
  facet normal -0.588293 0.766785 -0.256812
    outer loop
      vertex 1.61418 34.3545 4.89771
      vertex 1.04016 33.9141 4.89771
      vertex 1.51283 34.5301 5.65418
    endloop
  endfacet
  facet normal 0.966148 0 -0.25799
    outer loop
      vertex 114.974 6.39333 5.60842
      vertex 114.772 31.6067 4.85195
      vertex 114.974 31.6067 5.60842
    endloop
  endfacet
  facet normal 0.966148 0 -0.25799
    outer loop
      vertex 114.772 31.6067 4.85195
      vertex 114.974 6.39333 5.60842
      vertex 114.772 6.39333 4.85195
    endloop
  endfacet
  facet normal -0.500004 0 -0.866023
    outer loop
      vertex 1.17372 6.39333 3.61994
      vertex 1.85195 31.6067 3.22836
      vertex 1.85195 6.39333 3.22836
    endloop
  endfacet
  facet normal -0.500004 0 -0.866023
    outer loop
      vertex 1.85195 31.6067 3.22836
      vertex 1.17372 6.39333 3.61994
      vertex 1.17372 31.6067 3.61994
    endloop
  endfacet
  facet normal 0.432333 0.563136 -0.704248
    outer loop
      vertex 113.291 33.2456 3.6657
      vertex 112.913 33.5358 3.6657
      vertex 113.683 33.6372 4.21948
    endloop
  endfacet
  facet normal 0.225459 0.127195 -0.965914
    outer loop
      vertex 112.339 32.15 3.07143
      vertex 112.994 32.1807 3.22836
      vertex 112.339 31.8025 3.02567
    endloop
  endfacet
  facet normal 0.225462 0.127159 -0.965918
    outer loop
      vertex 112.994 32.1807 3.22836
      vertex 112.339 32.15 3.07143
      vertex 112.994 32.5283 3.27412
    endloop
  endfacet
  facet normal 0 0.130556 -0.991441
    outer loop
      vertex 3 31.9983 3.02567
      vertex 112 32.3458 3.07143
      vertex 112 31.9983 3.02567
    endloop
  endfacet
  facet normal 0 0.130556 -0.991441
    outer loop
      vertex 112 32.3458 3.07143
      vertex 3 31.9983 3.02567
      vertex 3 32.3458 3.07143
    endloop
  endfacet
  facet normal -0.30634 -0.399235 -0.864157
    outer loop
      vertex 2.08686 4.46415 3.6657
      vertex 1.70862 4.75438 3.6657
      vertex 2.18821 5.23397 3.27412
    endloop
  endfacet
  facet normal 0.0926939 -0.704062 -0.704062
    outer loop
      vertex 112.616 3.7468 4.21948
      vertex 112 3.6657 4.21948
      vertex 112 4.21948 3.6657
    endloop
  endfacet
  facet normal -0.89291 -0.369853 -0.256751
    outer loop
      vertex 0.599691 4.65994 4.89771
      vertex 0.127014 5.27595 5.65418
      vertex 0.322803 5.32841 4.89771
    endloop
  endfacet
  facet normal -0.860449 -0.11328 -0.496784
    outer loop
      vertex 0.701039 5.42976 4.21948
      vertex 0.228362 6.04576 4.89771
      vertex 0.619941 6.04576 4.21948
    endloop
  endfacet
  facet normal -0.0340539 -0.25866 -0.965368
    outer loop
      vertex 3 4.89771 3.27412
      vertex 2.70286 4.93683 3.27412
      vertex 2.89865 5.66753 3.07143
    endloop
  endfacet
  facet normal -0.892911 0.369837 -0.25677
    outer loop
      vertex 0.322803 32.6716 4.89771
      vertex 0.127014 32.7241 5.65418
      vertex 0.599691 33.3401 4.89771
    endloop
  endfacet
  facet normal -0.860447 0.113272 -0.49679
    outer loop
      vertex 0.701039 32.5702 4.21948
      vertex 0.228362 31.9542 4.89771
      vertex 0.322803 32.6716 4.89771
    endloop
  endfacet
  facet normal -0.498924 0.0656962 -0.864152
    outer loop
      vertex 1.89107 31.9038 3.22836
      vertex 1.17372 31.6067 3.61994
      vertex 1.23595 32.0793 3.61994
    endloop
  endfacet
  facet normal 0.258797 0.0357666 -0.965269
    outer loop
      vertex 112.392 31.6067 3.02567
      vertex 112.378 31.708 3.02567
      vertex 113.148 31.6067 3.22836
    endloop
  endfacet
  facet normal -0.0172541 0.1305 -0.991298
    outer loop
      vertex 2.89865 32.3325 3.07143
      vertex 3 31.9983 3.02567
      vertex 2.89865 31.9849 3.02567
    endloop
  endfacet
  facet normal -0.0171302 0.130537 -0.991295
    outer loop
      vertex 3 31.9983 3.02567
      vertex 2.89865 32.3325 3.07143
      vertex 3 32.3458 3.07143
    endloop
  endfacet
  facet normal -0.167734 0.128707 -0.977394
    outer loop
      vertex 2.66088 32.15 3.07143
      vertex 2.72311 31.8836 3.02567
      vertex 2.66088 31.8025 3.02567
    endloop
  endfacet
  facet normal -0.167734 0.128707 -0.977394
    outer loop
      vertex 2.72311 31.8836 3.02567
      vertex 2.66088 32.15 3.07143
      vertex 2.72311 32.2311 3.07143
    endloop
  endfacet
  facet normal -0.498923 0.0656947 -0.864153
    outer loop
      vertex 1.85195 31.6067 3.22836
      vertex 1.17372 31.6067 3.61994
      vertex 1.89107 31.9038 3.22836
    endloop
  endfacet
  facet normal -0.656097 0.271729 -0.70406
    outer loop
      vertex 1.41839 32.8674 3.6657
      vertex 0.701039 32.5702 4.21948
      vertex 0.938808 33.1443 4.21948
    endloop
  endfacet
  facet normal -0.206984 0.158823 -0.965367
    outer loop
      vertex 2.66088 32.15 3.07143
      vertex 2.18821 32.766 3.27412
      vertex 2.72311 32.2311 3.07143
    endloop
  endfacet
  facet normal -0.099849 0.24103 -0.965368
    outer loop
      vertex 2.89865 32.3325 3.07143
      vertex 2.42598 32.9485 3.27412
      vertex 2.70286 33.0632 3.27412
    endloop
  endfacet
  facet normal -0.129418 -0.983103 -0.129461
    outer loop
      vertex 2.23019 3.17278 5.65418
      vertex 3 3.02567 6.00175
      vertex 2.23019 3.12701 6.00175
    endloop
  endfacet
  facet normal -0.129431 -0.983105 -0.129433
    outer loop
      vertex 3 3.02567 6.00175
      vertex 2.23019 3.17278 5.65418
      vertex 3 3.07143 5.65418
    endloop
  endfacet
  facet normal -0.608766 -0.79335 0
    outer loop
      vertex 0.896829 3.89683 6.00175
      vertex 1.51283 3.42415 44.9983
      vertex 0.896829 3.89683 44.9983
    endloop
  endfacet
  facet normal -0.608766 -0.79335 -0
    outer loop
      vertex 1.51283 3.42415 44.9983
      vertex 0.896829 3.89683 6.00175
      vertex 1.51283 3.42415 6.00175
    endloop
  endfacet
  facet normal 0 -0.113547 0.993533
    outer loop
      vertex 97.0257 6.00175 12.9743
      vertex 17.9743 6.00175 12.9743
      vertex 97.0257 6 12.9741
    endloop
  endfacet
  facet normal 0 -0.113547 0.993533
    outer loop
      vertex 17.9743 6 12.9741
      vertex 97.0257 6 12.9741
      vertex 17.9743 6.00175 12.9743
    endloop
  endfacet
  facet normal 0 -0.130447 0.991455
    outer loop
      vertex 97.0257 6 12.9741
      vertex 17.9743 6 12.9741
      vertex 97.0712 5.65418 12.9286
    endloop
  endfacet
  facet normal 0 -0.130447 0.991455
    outer loop
      vertex 97.0712 5.65418 12.9286
      vertex 17.9743 6 12.9741
      vertex 17.9288 5.65418 12.9286
    endloop
  endfacet
  facet normal 0.369581 -0.892952 -0.256996
    outer loop
      vertex 112.77 3.17278 5.65418
      vertex 112.717 3.36856 4.89771
      vertex 113.386 3.64545 4.89771
    endloop
  endfacet
  facet normal 0.68877 -0.527959 -0.496846
    outer loop
      vertex 113.96 4.08592 4.89771
      vertex 113.683 4.36281 4.21948
      vertex 114.4 4.65994 4.89771
    endloop
  endfacet
  facet normal 0.382847 -0.923812 0
    outer loop
      vertex 112.77 3.12701 6.00175
      vertex 113.487 3.42415 44.9983
      vertex 112.77 3.12701 44.9983
    endloop
  endfacet
  facet normal 0.382847 -0.923812 0
    outer loop
      vertex 113.487 3.42415 44.9983
      vertex 112.77 3.12701 6.00175
      vertex 113.487 3.42415 6.00175
    endloop
  endfacet
  facet normal 0.704072 -0.092351 -0.704098
    outer loop
      vertex 114.299 5.77732 4.17372
      vertex 113.764 5.92065 3.61994
      vertex 113.826 6.39333 3.61994
    endloop
  endfacet
  facet normal 0 -0.499982 0.866036
    outer loop
      vertex 17.7353 4.89771 12.7259
      vertex 97.4241 4.51283 12.5037
      vertex 97.2647 4.89771 12.7259
    endloop
  endfacet
  facet normal 0 -0.499982 0.866036
    outer loop
      vertex 17.5758 4.51283 12.5037
      vertex 97.4241 4.51283 12.5037
      vertex 17.7353 4.89771 12.7259
    endloop
  endfacet
  facet normal 0 -0.500076 0.865982
    outer loop
      vertex 97.4241 4.51283 12.5037
      vertex 17.5758 4.51283 12.5037
      vertex 97.6493 4.21948 12.3343
    endloop
  endfacet
  facet normal 0 -0.500076 0.865982
    outer loop
      vertex 97.6493 4.21948 12.3343
      vertex 17.5758 4.51283 12.5037
      vertex 17.3507 4.21948 12.3343
    endloop
  endfacet
  facet normal 0 -0.707162 0.707052
    outer loop
      vertex 17.1032 3.89683 12.0116
      vertex 97.6493 4.21948 12.3343
      vertex 17.3507 4.21948 12.3343
    endloop
  endfacet
  facet normal 0 -0.707162 0.707052
    outer loop
      vertex 17.1032 3.89683 12.0116
      vertex 97.8968 3.89683 12.0116
      vertex 97.6493 4.21948 12.3343
    endloop
  endfacet
  facet normal 0 -0.707061 0.707153
    outer loop
      vertex 16.802 3.6657 11.7805
      vertex 97.8968 3.89683 12.0116
      vertex 17.1032 3.89683 12.0116
    endloop
  endfacet
  facet normal 0 -0.707061 0.707153
    outer loop
      vertex 97.8968 3.89683 12.0116
      vertex 16.802 3.6657 11.7805
      vertex 98.198 3.6657 11.7805
    endloop
  endfacet
  facet normal 0.608767 -0.793349 0
    outer loop
      vertex 113.487 3.42415 6.00175
      vertex 114.103 3.89683 44.9983
      vertex 113.487 3.42415 44.9983
    endloop
  endfacet
  facet normal 0.608767 -0.793349 0
    outer loop
      vertex 114.103 3.89683 44.9983
      vertex 113.487 3.42415 6.00175
      vertex 114.103 3.89683 6.00175
    endloop
  endfacet
  facet normal 0.126123 -0.958214 -0.256746
    outer loop
      vertex 112.77 3.17278 5.65418
      vertex 112 3.07143 5.65418
      vertex 112 3.27412 4.89771
    endloop
  endfacet
  facet normal 0.922774 -0.382045 -0.0502989
    outer loop
      vertex 114.873 5.23019 6.00175
      vertex 114.576 4.55859 5.65418
      vertex 114.873 5.27595 5.65418
    endloop
  endfacet
  facet normal 0.922774 -0.382045 -0.0502989
    outer loop
      vertex 114.576 4.55859 5.65418
      vertex 114.873 5.23019 6.00175
      vertex 114.576 4.51283 6.00175
    endloop
  endfacet
  facet normal 0.865791 0 -0.500406
    outer loop
      vertex 114.772 6.39333 4.85195
      vertex 114.38 31.6067 4.17372
      vertex 114.772 31.6067 4.85195
    endloop
  endfacet
  facet normal 0.865791 0 -0.500406
    outer loop
      vertex 114.38 31.6067 4.17372
      vertex 114.772 6.39333 4.85195
      vertex 114.38 6.39333 4.17372
    endloop
  endfacet
  facet normal -0.382749 0.923852 0
    outer loop
      vertex 2.23019 34.873 6.00175
      vertex 1.51283 34.5758 44.9983
      vertex 2.23019 34.873 44.9983
    endloop
  endfacet
  facet normal -0.382749 0.923852 0
    outer loop
      vertex 1.51283 34.5758 44.9983
      vertex 2.23019 34.873 6.00175
      vertex 1.51283 34.5758 6.00175
    endloop
  endfacet
  facet normal 0.766629 0.588662 -0.256432
    outer loop
      vertex 114.576 33.4414 5.65418
      vertex 113.96 33.9141 4.89771
      vertex 114.103 34.0574 5.65418
    endloop
  endfacet
  facet normal -0.192633 0.464916 -0.864144
    outer loop
      vertex 2.70286 33.0632 3.27412
      vertex 2.08686 33.5358 3.6657
      vertex 2.52732 33.7183 3.6657
    endloop
  endfacet
  facet normal -0.306423 0.399222 -0.864133
    outer loop
      vertex 2.18821 32.766 3.27412
      vertex 2.08686 33.5358 3.6657
      vertex 2.42598 32.9485 3.27412
    endloop
  endfacet
  facet normal -0.0656546 0.498941 -0.864145
    outer loop
      vertex 3 33.1023 3.27412
      vertex 2.70286 33.0632 3.27412
      vertex 3 33.7805 3.6657
    endloop
  endfacet
  facet normal -0.192607 0.464943 -0.864135
    outer loop
      vertex 2.42598 32.9485 3.27412
      vertex 2.08686 33.5358 3.6657
      vertex 2.70286 33.0632 3.27412
    endloop
  endfacet
  facet normal 0.499056 0.0655106 -0.86409
    outer loop
      vertex 113.148 31.6067 3.22836
      vertex 113.109 31.9038 3.22836
      vertex 113.826 31.6067 3.61994
    endloop
  endfacet
  facet normal -0.379944 0.917082 -0.120846
    outer loop
      vertex 2.23019 34.8272 5.65418
      vertex 1.51283 34.5758 6.00175
      vertex 2.23019 34.873 6.00175
    endloop
  endfacet
  facet normal -0.379847 0.917155 -0.120592
    outer loop
      vertex 1.51283 34.5758 6.00175
      vertex 2.23019 34.8272 5.65418
      vertex 1.51283 34.5301 5.65418
    endloop
  endfacet
  facet normal -0.79335 0.608765 0
    outer loop
      vertex 0.424151 33.4872 6.00175
      vertex 0.896829 34.1032 44.9983
      vertex 0.896829 34.1032 6.00175
    endloop
  endfacet
  facet normal -0.79335 0.608765 0
    outer loop
      vertex 0.896829 34.1032 44.9983
      vertex 0.424151 33.4872 6.00175
      vertex 0.424151 33.4872 44.9983
    endloop
  endfacet
  facet normal 0.528207 0.68854 -0.4969
    outer loop
      vertex 113.683 33.6372 4.21948
      vertex 113.19 34.0154 4.21948
      vertex 113.386 34.3545 4.89771
    endloop
  endfacet
  facet normal -0.588378 0.766747 -0.256729
    outer loop
      vertex 1.04016 33.9141 4.89771
      vertex 0.896829 34.0574 5.65418
      vertex 1.51283 34.5301 5.65418
    endloop
  endfacet
  facet normal -0.766759 0.58836 -0.256735
    outer loop
      vertex 1.04016 33.9141 4.89771
      vertex 0.424151 33.4414 5.65418
      vertex 0.896829 34.0574 5.65418
    endloop
  endfacet
  facet normal 0.158909 -0.206872 -0.965377
    outer loop
      vertex 112.812 5.23397 3.27412
      vertex 112.196 5.70665 3.07143
      vertex 112.277 5.76887 3.07143
    endloop
  endfacet
  facet normal -0.258662 0.0340627 -0.965367
    outer loop
      vertex 2.60842 31.6067 3.02567
      vertex 1.85195 31.6067 3.22836
      vertex 2.62176 31.708 3.02567
    endloop
  endfacet
  facet normal 0.306247 0.39938 -0.864123
    outer loop
      vertex 112.812 32.766 3.27412
      vertex 112.574 32.9485 3.27412
      vertex 112.913 33.5358 3.6657
    endloop
  endfacet
  facet normal 0.0998002 0.241017 -0.965376
    outer loop
      vertex 112.574 32.9485 3.27412
      vertex 112.101 32.3325 3.07143
      vertex 112.297 33.0632 3.27412
    endloop
  endfacet
  facet normal 0.563733 0.432321 -0.703778
    outer loop
      vertex 114.061 33.1443 4.21948
      vertex 113.582 32.8674 3.6657
      vertex 113.683 33.6372 4.21948
    endloop
  endfacet
  facet normal 0.4644 0.192871 -0.864369
    outer loop
      vertex 113.109 32.2514 3.27412
      vertex 112.994 32.5283 3.27412
      vertex 113.582 32.8674 3.6657
    endloop
  endfacet
  facet normal 0.0173138 0.1305 -0.991297
    outer loop
      vertex 112 31.9983 3.02567
      vertex 112.101 32.3325 3.07143
      vertex 112.101 31.9849 3.02567
    endloop
  endfacet
  facet normal 0.0171895 0.130537 -0.991294
    outer loop
      vertex 112.101 32.3325 3.07143
      vertex 112 31.9983 3.02567
      vertex 112 32.3458 3.07143
    endloop
  endfacet
  facet normal -0.271753 -0.656086 -0.704061
    outer loop
      vertex 2.384 3.7468 4.21948
      vertex 2.08686 4.46415 3.6657
      vertex 2.52732 4.28171 3.6657
    endloop
  endfacet
  facet normal 0 -0.130531 -0.991444
    outer loop
      vertex 3 5.65418 3.07143
      vertex 112 6.00175 3.02567
      vertex 112 5.65418 3.07143
    endloop
  endfacet
  facet normal -0 -0.130531 -0.991444
    outer loop
      vertex 112 6.00175 3.02567
      vertex 3 5.65418 3.07143
      vertex 3 6.00175 3.02567
    endloop
  endfacet
  facet normal -0.965926 0 -0.258819
    outer loop
      vertex 0.228362 6.39333 4.85195
      vertex 0.0256662 31.6067 5.60842
      vertex 0.228362 31.6067 4.85195
    endloop
  endfacet
  facet normal -0.965926 -0 -0.258819
    outer loop
      vertex 0.0256662 31.6067 5.60842
      vertex 0.228362 6.39333 4.85195
      vertex 0.0256662 6.39333 5.60842
    endloop
  endfacet
  facet normal -0.563392 -0.432307 -0.70406
    outer loop
      vertex 1.31704 4.36281 4.21948
      vertex 0.938808 4.85573 4.21948
      vertex 1.41839 5.13262 3.6657
    endloop
  endfacet
  facet normal -0.656086 -0.271757 -0.704059
    outer loop
      vertex 0.938808 4.85573 4.21948
      vertex 0.701039 5.42976 4.21948
      vertex 1.41839 5.13262 3.6657
    endloop
  endfacet
  facet normal -0.801807 0.332103 -0.496804
    outer loop
      vertex 0.701039 32.5702 4.21948
      vertex 0.322803 32.6716 4.89771
      vertex 0.599691 33.3401 4.89771
    endloop
  endfacet
  facet normal -0.922716 0.382176 -0.0503601
    outer loop
      vertex 0.424151 33.4414 5.65418
      vertex 0.127014 32.7698 6.00175
      vertex 0.424151 33.4872 6.00175
    endloop
  endfacet
  facet normal -0.922702 0.382224 -0.0502564
    outer loop
      vertex 0.127014 32.7698 6.00175
      vertex 0.424151 33.4414 5.65418
      vertex 0.127014 32.7241 5.65418
    endloop
  endfacet
  facet normal -0.656097 0.271733 -0.704058
    outer loop
      vertex 1.23595 32.4269 3.6657
      vertex 0.701039 32.5702 4.21948
      vertex 1.41839 32.8674 3.6657
    endloop
  endfacet
  facet normal -0.464937 0.192561 -0.864149
    outer loop
      vertex 1.89107 32.2514 3.27412
      vertex 1.23595 32.4269 3.6657
      vertex 1.41839 32.8674 3.6657
    endloop
  endfacet
  facet normal -0.707107 0 -0.707106
    outer loop
      vertex 1.17372 6.39333 3.61994
      vertex 0.619941 31.6067 4.17372
      vertex 1.17372 31.6067 3.61994
    endloop
  endfacet
  facet normal -0.707107 -0 -0.707106
    outer loop
      vertex 0.619941 31.6067 4.17372
      vertex 1.17372 6.39333 3.61994
      vertex 0.619941 6.39333 4.17372
    endloop
  endfacet
  facet normal -0.688518 0.528341 -0.496789
    outer loop
      vertex 0.938808 33.1443 4.21948
      vertex 0.599691 33.3401 4.89771
      vertex 1.31704 33.6372 4.21948
    endloop
  endfacet
  facet normal -0.399215 0.306357 -0.86416
    outer loop
      vertex 2.18821 32.766 3.27412
      vertex 1.41839 32.8674 3.6657
      vertex 1.70862 33.2456 3.6657
    endloop
  endfacet
  facet normal -0.656086 -0.271753 -0.704061
    outer loop
      vertex 1.41839 5.13262 3.6657
      vertex 0.701039 5.42976 4.21948
      vertex 1.23595 5.57308 3.6657
    endloop
  endfacet
  facet normal -0.704063 -0.0926903 -0.704062
    outer loop
      vertex 0.701039 5.77732 4.17372
      vertex 0.619941 6.39333 4.17372
      vertex 1.17372 6.39333 3.61994
    endloop
  endfacet
  facet normal 0.24124 0.0995595 -0.965345
    outer loop
      vertex 112.378 31.708 3.02567
      vertex 112.339 31.8025 3.02567
      vertex 112.994 32.1807 3.22836
    endloop
  endfacet
  facet normal -0.0340371 0.258665 -0.965367
    outer loop
      vertex 2.89865 32.3325 3.07143
      vertex 2.70286 33.0632 3.27412
      vertex 3 33.1023 3.27412
    endloop
  endfacet
  facet normal -0.0339427 0.258654 -0.965374
    outer loop
      vertex 3 32.3458 3.07143
      vertex 2.89865 32.3325 3.07143
      vertex 3 33.1023 3.27412
    endloop
  endfacet
  facet normal 0.258589 0.0339447 -0.965391
    outer loop
      vertex 113.148 31.6067 3.22836
      vertex 112.378 31.708 3.02567
      vertex 113.109 31.9038 3.22836
    endloop
  endfacet
  facet normal -0.464927 0.19257 -0.864152
    outer loop
      vertex 1.89107 32.2514 3.27412
      vertex 1.41839 32.8674 3.6657
      vertex 2.00576 32.5283 3.27412
    endloop
  endfacet
  facet normal -0.399201 0.306412 -0.864147
    outer loop
      vertex 2.00576 32.5283 3.27412
      vertex 1.41839 32.8674 3.6657
      vertex 2.18821 32.766 3.27412
    endloop
  endfacet
  facet normal -0.369857 -0.892911 -0.256741
    outer loop
      vertex 2.23019 3.17278 5.65418
      vertex 1.61418 3.64545 4.89771
      vertex 2.28265 3.36856 4.89771
    endloop
  endfacet
  facet normal -0.12615 -0.958212 -0.256741
    outer loop
      vertex 3 3.27412 4.89771
      vertex 2.23019 3.17278 5.65418
      vertex 2.28265 3.36856 4.89771
    endloop
  endfacet
  facet normal 0 -0.866037 0.499979
    outer loop
      vertex 16.4872 3.42415 11.3621
      vertex 98.198 3.6657 11.7805
      vertex 16.802 3.6657 11.7805
    endloop
  endfacet
  facet normal 0 -0.866037 0.499979
    outer loop
      vertex 16.4872 3.42415 11.3621
      vertex 98.5128 3.42415 11.3621
      vertex 98.198 3.6657 11.7805
    endloop
  endfacet
  facet normal 0 -0.865976 0.500086
    outer loop
      vertex 16.125 3.27412 11.1023
      vertex 98.5128 3.42415 11.3621
      vertex 16.4872 3.42415 11.3621
    endloop
  endfacet
  facet normal 0 -0.865976 0.500086
    outer loop
      vertex 98.5128 3.42415 11.3621
      vertex 16.125 3.27412 11.1023
      vertex 98.875 3.27412 11.1023
    endloop
  endfacet
  facet normal -0.79081 0.606816 -0.0799613
    outer loop
      vertex 0.896829 34.0574 5.65418
      vertex 0.424151 33.4872 6.00175
      vertex 0.896829 34.1032 6.00175
    endloop
  endfacet
  facet normal -0.79081 0.606816 -0.0799613
    outer loop
      vertex 0.424151 33.4872 6.00175
      vertex 0.896829 34.0574 5.65418
      vertex 0.424151 33.4414 5.65418
    endloop
  endfacet
  facet normal 0.192714 -0.464779 -0.8642
    outer loop
      vertex 112.473 4.28171 3.6657
      vertex 112.297 4.93683 3.27412
      vertex 112.913 4.46415 3.6657
    endloop
  endfacet
  facet normal 0 -0.707107 -0.707107
    outer loop
      vertex 3 4.21948 3.6657
      vertex 112 3.6657 4.21948
      vertex 3 3.6657 4.21948
    endloop
  endfacet
  facet normal 0 -0.707107 -0.707107
    outer loop
      vertex 112 3.6657 4.21948
      vertex 3 4.21948 3.6657
      vertex 112 4.21948 3.6657
    endloop
  endfacet
  facet normal 0.432369 -0.563125 -0.704235
    outer loop
      vertex 113.683 4.36281 4.21948
      vertex 112.913 4.46415 3.6657
      vertex 113.291 4.75438 3.6657
    endloop
  endfacet
  facet normal 0.0172507 -0.130511 -0.991297
    outer loop
      vertex 112 6.00175 3.02567
      vertex 112.101 5.66753 3.07143
      vertex 112 5.65418 3.07143
    endloop
  endfacet
  facet normal 0.0172383 -0.130515 -0.991296
    outer loop
      vertex 112.101 5.66753 3.07143
      vertex 112 6.00175 3.02567
      vertex 112.101 6.01509 3.02567
    endloop
  endfacet
  facet normal 0.704509 -0.0926369 -0.703623
    outer loop
      vertex 114.38 6.04576 4.21948
      vertex 114.299 5.77732 4.17372
      vertex 114.38 6.39333 4.17372
    endloop
  endfacet
  facet normal 0.704513 -0.0926389 -0.703619
    outer loop
      vertex 114.299 5.77732 4.17372
      vertex 114.38 6.04576 4.21948
      vertex 114.299 5.42976 4.21948
    endloop
  endfacet
  facet normal 0.605473 -0.789057 -0.103885
    outer loop
      vertex 113.487 3.46991 5.65418
      vertex 114.103 3.89683 6.00175
      vertex 113.487 3.42415 6.00175
    endloop
  endfacet
  facet normal 0.605473 -0.789057 -0.103885
    outer loop
      vertex 114.103 3.89683 6.00175
      vertex 113.487 3.46991 5.65418
      vertex 114.103 3.94259 5.65418
    endloop
  endfacet
  facet normal 0 -0.965928 -0.258812
    outer loop
      vertex 3 3.27412 4.89771
      vertex 112 3.07143 5.65418
      vertex 3 3.07143 5.65418
    endloop
  endfacet
  facet normal 0 -0.965928 -0.258812
    outer loop
      vertex 112 3.07143 5.65418
      vertex 3 3.27412 4.89771
      vertex 112 3.27412 4.89771
    endloop
  endfacet
  facet normal 0.126207 -0.958181 -0.256827
    outer loop
      vertex 112.77 3.17278 5.65418
      vertex 112 3.27412 4.89771
      vertex 112.717 3.36856 4.89771
    endloop
  endfacet
  facet normal 0.432241 -0.563386 -0.704105
    outer loop
      vertex 113.19 3.98457 4.21948
      vertex 112.913 4.46415 3.6657
      vertex 113.683 4.36281 4.21948
    endloop
  endfacet
  facet normal 1 0 0
    outer loop
      vertex 114.974 31.6067 45.3916
      vertex 114.974 32 44.9983
      vertex 114.974 31.9542 45.3458
    endloop
  endfacet
  facet normal 1 0 0
    outer loop
      vertex 114.974 6 44.9983
      vertex 114.974 32 44.9983
      vertex 114.974 31.6067 45.3916
    endloop
  endfacet
  facet normal 1 0 0
    outer loop
      vertex 114.974 32 44.9983
      vertex 114.974 6 44.9983
      vertex 114.974 32 6.00175
    endloop
  endfacet
  facet normal 1 0 0
    outer loop
      vertex 114.974 32 6.00175
      vertex 114.974 31.6067 5.60842
      vertex 114.974 31.9542 5.65418
    endloop
  endfacet
  facet normal 1 0 0
    outer loop
      vertex 114.974 6 44.9983
      vertex 114.974 31.6067 45.3916
      vertex 114.974 6.39333 45.3916
    endloop
  endfacet
  facet normal 1 0 0
    outer loop
      vertex 114.974 6 6.00175
      vertex 114.974 32 6.00175
      vertex 114.974 6 44.9983
    endloop
  endfacet
  facet normal 1 0 0
    outer loop
      vertex 114.974 6 44.9983
      vertex 114.974 6.39333 45.3916
      vertex 114.974 6.04576 45.3458
    endloop
  endfacet
  facet normal 1 0 0
    outer loop
      vertex 114.974 32 6.00175
      vertex 114.974 6 6.00175
      vertex 114.974 31.6067 5.60842
    endloop
  endfacet
  facet normal 1 0 0
    outer loop
      vertex 114.974 31.6067 5.60842
      vertex 114.974 6 6.00175
      vertex 114.974 6.39333 5.60842
    endloop
  endfacet
  facet normal 1 0 0
    outer loop
      vertex 114.974 6.39333 5.60842
      vertex 114.974 6 6.00175
      vertex 114.974 6.04576 5.65418
    endloop
  endfacet
  facet normal 0 0.991466 -0.130362
    outer loop
      vertex 112 34.9286 5.65418
      vertex 3 34.9743 6.00175
      vertex 112 34.9743 6.00175
    endloop
  endfacet
  facet normal 0 0.991466 -0.130362
    outer loop
      vertex 3 34.9743 6.00175
      vertex 112 34.9286 5.65418
      vertex 3 34.9286 5.65418
    endloop
  endfacet
  facet normal 0.113282 0.860438 -0.496804
    outer loop
      vertex 112.616 34.2532 4.21948
      vertex 112 34.3343 4.21948
      vertex 112 34.7259 4.89771
    endloop
  endfacet
  facet normal 0.126184 0.958204 -0.256756
    outer loop
      vertex 112.77 34.8272 5.65418
      vertex 112 34.7259 4.89771
      vertex 112 34.9286 5.65418
    endloop
  endfacet
  facet normal -0.688516 0.528345 -0.496786
    outer loop
      vertex 1.31704 33.6372 4.21948
      vertex 0.599691 33.3401 4.89771
      vertex 1.04016 33.9141 4.89771
    endloop
  endfacet
  facet normal -0.528282 0.688566 -0.496785
    outer loop
      vertex 1.31704 33.6372 4.21948
      vertex 1.04016 33.9141 4.89771
      vertex 1.61418 34.3545 4.89771
    endloop
  endfacet
  facet normal -0.332139 0.801824 -0.496752
    outer loop
      vertex 2.384 34.2532 4.21948
      vertex 1.61418 34.3545 4.89771
      vertex 2.28265 34.6314 4.89771
    endloop
  endfacet
  facet normal -0.113282 0.860438 -0.496804
    outer loop
      vertex 3 34.3343 4.21948
      vertex 2.384 34.2532 4.21948
      vertex 3 34.7259 4.89771
    endloop
  endfacet
  facet normal 0.704574 0.0926468 -0.703557
    outer loop
      vertex 114.38 31.9542 4.21948
      vertex 114.299 32.2227 4.17372
      vertex 114.299 32.5702 4.21948
    endloop
  endfacet
  facet normal 0.704574 0.0926468 -0.703557
    outer loop
      vertex 114.299 32.2227 4.17372
      vertex 114.38 31.9542 4.21948
      vertex 114.38 31.6067 4.17372
    endloop
  endfacet
  facet normal 0.0656854 0.49894 -0.864144
    outer loop
      vertex 112.297 33.0632 3.27412
      vertex 112 33.1023 3.27412
      vertex 112 33.7805 3.6657
    endloop
  endfacet
  facet normal -0.113352 0.860457 -0.496754
    outer loop
      vertex 2.384 34.2532 4.21948
      vertex 2.28265 34.6314 4.89771
      vertex 3 34.7259 4.89771
    endloop
  endfacet
  facet normal -0.0656558 0.498942 -0.864145
    outer loop
      vertex 2.70286 33.0632 3.27412
      vertex 2.52732 33.7183 3.6657
      vertex 3 33.7805 3.6657
    endloop
  endfacet
  facet normal 0 0.866012 -0.500023
    outer loop
      vertex 112 34.3343 4.21948
      vertex 3 34.7259 4.89771
      vertex 112 34.7259 4.89771
    endloop
  endfacet
  facet normal 0 0.866012 -0.500023
    outer loop
      vertex 3 34.7259 4.89771
      vertex 112 34.3343 4.21948
      vertex 3 34.3343 4.21948
    endloop
  endfacet
  facet normal 0 0.965924 -0.258824
    outer loop
      vertex 112 34.7259 4.89771
      vertex 3 34.9286 5.65418
      vertex 112 34.9286 5.65418
    endloop
  endfacet
  facet normal 0 0.965924 -0.258824
    outer loop
      vertex 3 34.9286 5.65418
      vertex 112 34.7259 4.89771
      vertex 3 34.7259 4.89771
    endloop
  endfacet
  facet normal 0.790608 0.607074 -0.0799954
    outer loop
      vertex 114.576 33.4872 6.00175
      vertex 114.103 34.0574 5.65418
      vertex 114.103 34.1032 6.00175
    endloop
  endfacet
  facet normal 0.790608 0.607074 -0.0799954
    outer loop
      vertex 114.103 34.0574 5.65418
      vertex 114.576 33.4872 6.00175
      vertex 114.576 33.4414 5.65418
    endloop
  endfacet
  facet normal 0.923951 0.382511 0
    outer loop
      vertex 114.873 32.7698 44.9983
      vertex 114.576 33.4872 6.00175
      vertex 114.576 33.4872 44.9983
    endloop
  endfacet
  facet normal 0.923951 0.382511 0
    outer loop
      vertex 114.576 33.4872 6.00175
      vertex 114.873 32.7698 44.9983
      vertex 114.873 32.7698 6.00175
    endloop
  endfacet
  facet normal 0.703931 0.0925624 -0.704211
    outer loop
      vertex 114.38 31.6067 4.17372
      vertex 113.826 31.6067 3.61994
      vertex 114.299 32.2227 4.17372
    endloop
  endfacet
  facet normal 0.192548 0.465004 -0.864116
    outer loop
      vertex 112.574 32.9485 3.27412
      vertex 112.297 33.0632 3.27412
      vertex 112.913 33.5358 3.6657
    endloop
  endfacet
  facet normal -0.241036 0.0998354 -0.965368
    outer loop
      vertex 2.62176 31.708 3.02567
      vertex 1.89107 31.9038 3.22836
      vertex 2.00576 32.1807 3.22836
    endloop
  endfacet
  facet normal 0.95848 0.125739 -0.255943
    outer loop
      vertex 114.974 31.9542 5.65418
      vertex 114.772 31.9542 4.89771
      vertex 114.873 32.7241 5.65418
    endloop
  endfacet
  facet normal 0.863917 0.0657525 -0.499323
    outer loop
      vertex 114.772 31.6067 4.85195
      vertex 114.38 31.9542 4.21948
      vertex 114.772 31.9542 4.89771
    endloop
  endfacet
  facet normal 0.863917 0.0657525 -0.499323
    outer loop
      vertex 114.38 31.9542 4.21948
      vertex 114.772 31.6067 4.85195
      vertex 114.38 31.6067 4.17372
    endloop
  endfacet
  facet normal 0.656232 -0.271158 -0.704154
    outer loop
      vertex 114.299 5.42976 4.21948
      vertex 113.582 5.13262 3.6657
      vertex 113.764 5.57308 3.6657
    endloop
  endfacet
  facet normal 0.588347 0.766828 -0.256558
    outer loop
      vertex 113.96 33.9141 4.89771
      vertex 113.386 34.3545 4.89771
      vertex 113.487 34.5301 5.65418
    endloop
  endfacet
  facet normal -0.0171912 -0.130511 -0.991298
    outer loop
      vertex 2.89865 5.66753 3.07143
      vertex 3 6.00175 3.02567
      vertex 3 5.65418 3.07143
    endloop
  endfacet
  facet normal -0.0171788 -0.130515 -0.991298
    outer loop
      vertex 3 6.00175 3.02567
      vertex 2.89865 5.66753 3.07143
      vertex 2.89865 6.01509 3.02567
    endloop
  endfacet
  facet normal 0 -0.500004 -0.866023
    outer loop
      vertex 3 4.21948 3.6657
      vertex 112 4.89771 3.27412
      vertex 112 4.21948 3.6657
    endloop
  endfacet
  facet normal -0 -0.500004 -0.866023
    outer loop
      vertex 112 4.89771 3.27412
      vertex 3 4.21948 3.6657
      vertex 3 4.89771 3.27412
    endloop
  endfacet
  facet normal -0.369844 -0.892913 -0.256753
    outer loop
      vertex 2.23019 3.17278 5.65418
      vertex 1.51283 3.46991 5.65418
      vertex 1.61418 3.64545 4.89771
    endloop
  endfacet
  facet normal -0.801812 -0.332119 -0.496784
    outer loop
      vertex 0.938808 4.85573 4.21948
      vertex 0.599691 4.65994 4.89771
      vertex 0.701039 5.42976 4.21948
    endloop
  endfacet
  facet normal -0.801811 -0.33212 -0.496785
    outer loop
      vertex 0.599691 4.65994 4.89771
      vertex 0.322803 5.32841 4.89771
      vertex 0.701039 5.42976 4.21948
    endloop
  endfacet
  facet normal -0.563397 -0.432304 -0.704057
    outer loop
      vertex 1.70862 4.75438 3.6657
      vertex 1.31704 4.36281 4.21948
      vertex 1.41839 5.13262 3.6657
    endloop
  endfacet
  facet normal -0.464924 -0.192573 -0.864154
    outer loop
      vertex 1.41839 5.13262 3.6657
      vertex 1.23595 5.57308 3.6657
      vertex 1.89107 5.74862 3.27412
    endloop
  endfacet
  facet normal -0.965365 0.0340625 -0.258669
    outer loop
      vertex 0.0256662 31.6067 5.60842
      vertex 0.228362 31.9542 4.89771
      vertex 0.228362 31.6067 4.85195
    endloop
  endfacet
  facet normal -0.965365 0.0340625 -0.258669
    outer loop
      vertex 0.228362 31.9542 4.89771
      vertex 0.0256662 31.6067 5.60842
      vertex 0.0256662 31.9542 5.65418
    endloop
  endfacet
  facet normal -0.70408 -0.0926924 -0.704045
    outer loop
      vertex 0.701039 5.77732 4.17372
      vertex 0.619941 6.04576 4.21948
      vertex 0.619941 6.39333 4.17372
    endloop
  endfacet
  facet normal -0.704084 -0.0926945 -0.704041
    outer loop
      vertex 0.619941 6.04576 4.21948
      vertex 0.701039 5.77732 4.17372
      vertex 0.701039 5.42976 4.21948
    endloop
  endfacet
  facet normal -0.923881 -0.38268 0
    outer loop
      vertex 0.424151 4.51283 6.00175
      vertex 0.127014 5.23019 44.9983
      vertex 0.127014 5.23019 6.00175
    endloop
  endfacet
  facet normal -0.923881 -0.38268 0
    outer loop
      vertex 0.127014 5.23019 44.9983
      vertex 0.424151 4.51283 6.00175
      vertex 0.424151 4.51283 44.9983
    endloop
  endfacet
  facet normal -0.704063 0.0926918 -0.704062
    outer loop
      vertex 1.17372 31.6067 3.61994
      vertex 0.619941 31.6067 4.17372
      vertex 0.701039 32.2227 4.17372
    endloop
  endfacet
  facet normal -0.0998048 0.241063 -0.965364
    outer loop
      vertex 2.80421 32.2934 3.07143
      vertex 2.42598 32.9485 3.27412
      vertex 2.89865 32.3325 3.07143
    endloop
  endfacet
  facet normal -0.0539589 0.130329 -0.990001
    outer loop
      vertex 2.80421 32.2934 3.07143
      vertex 2.89865 31.9849 3.02567
      vertex 2.80421 31.9458 3.02567
    endloop
  endfacet
  facet normal -0.0539589 0.130329 -0.990001
    outer loop
      vertex 2.89865 31.9849 3.02567
      vertex 2.80421 32.2934 3.07143
      vertex 2.89865 32.3325 3.07143
    endloop
  endfacet
  facet normal 0.240883 0.100042 -0.965384
    outer loop
      vertex 113.109 31.9038 3.22836
      vertex 112.378 31.708 3.02567
      vertex 112.994 32.1807 3.22836
    endloop
  endfacet
  facet normal -0.22542 0.127196 -0.965923
    outer loop
      vertex 2.00576 32.1807 3.22836
      vertex 2.66088 32.15 3.07143
      vertex 2.66088 31.8025 3.02567
    endloop
  endfacet
  facet normal -0.225423 0.12716 -0.965927
    outer loop
      vertex 2.66088 32.15 3.07143
      vertex 2.00576 32.1807 3.22836
      vertex 2.00576 32.5283 3.27412
    endloop
  endfacet
  facet normal -0.158925 0.206884 -0.965371
    outer loop
      vertex 2.72311 32.2311 3.07143
      vertex 2.18821 32.766 3.27412
      vertex 2.80421 32.2934 3.07143
    endloop
  endfacet
  facet normal -0.241067 0.0997939 -0.965364
    outer loop
      vertex 2.62176 31.708 3.02567
      vertex 2.00576 32.1807 3.22836
      vertex 2.66088 31.8025 3.02567
    endloop
  endfacet
  facet normal -0.206952 0.158849 -0.965369
    outer loop
      vertex 2.66088 32.15 3.07143
      vertex 2.00576 32.5283 3.27412
      vertex 2.18821 32.766 3.27412
    endloop
  endfacet
  facet normal -0.300549 0.124485 -0.945608
    outer loop
      vertex 1.89107 32.2514 3.27412
      vertex 2.00576 32.1807 3.22836
      vertex 1.89107 31.9038 3.22836
    endloop
  endfacet
  facet normal -0.300549 0.124485 -0.945608
    outer loop
      vertex 2.00576 32.1807 3.22836
      vertex 1.89107 32.2514 3.27412
      vertex 2.00576 32.5283 3.27412
    endloop
  endfacet
  facet normal -0.704053 0.0927068 -0.70407
    outer loop
      vertex 1.17372 31.6067 3.61994
      vertex 0.701039 32.2227 4.17372
      vertex 1.23595 32.0793 3.61994
    endloop
  endfacet
  facet normal 0 1 -0
    outer loop
      vertex 112 34.9743 6.00175
      vertex 3 34.9743 44.9983
      vertex 112 34.9743 44.9983
    endloop
  endfacet
  facet normal 0 1 0
    outer loop
      vertex 3 34.9743 44.9983
      vertex 112 34.9743 6.00175
      vertex 3 34.9743 6.00175
    endloop
  endfacet
  facet normal -0.991299 0.130509 -0.0171599
    outer loop
      vertex 0.127014 32.7241 5.65418
      vertex 0.0256662 32 6.00175
      vertex 0.127014 32.7698 6.00175
    endloop
  endfacet
  facet normal -0.9913 0.130492 -0.0171952
    outer loop
      vertex 0.0256662 32 6.00175
      vertex 0.127014 32.7241 5.65418
      vertex 0.0256662 31.9542 5.65418
    endloop
  endfacet
  facet normal 0.272032 -0.656074 -0.703964
    outer loop
      vertex 112.616 3.7468 4.21948
      vertex 112.473 4.28171 3.6657
      vertex 112.913 4.46415 3.6657
    endloop
  endfacet
  facet normal 0.0926348 -0.704102 -0.704031
    outer loop
      vertex 112.616 3.7468 4.21948
      vertex 112 4.21948 3.6657
      vertex 112.473 4.28171 3.6657
    endloop
  endfacet
  facet normal 0.0656376 -0.4989 -0.86417
    outer loop
      vertex 112.473 4.28171 3.6657
      vertex 112 4.21948 3.6657
      vertex 112.297 4.93683 3.27412
    endloop
  endfacet
  facet normal 0.0657167 -0.498923 -0.864151
    outer loop
      vertex 112.297 4.93683 3.27412
      vertex 112 4.21948 3.6657
      vertex 112 4.89771 3.27412
    endloop
  endfacet
  facet normal 0.258963 0 -0.965887
    outer loop
      vertex 112.392 6.39333 3.02567
      vertex 113.148 31.6067 3.22836
      vertex 113.148 6.39333 3.22836
    endloop
  endfacet
  facet normal 0.258963 0 -0.965887
    outer loop
      vertex 113.148 31.6067 3.22836
      vertex 112.392 6.39333 3.02567
      vertex 112.392 31.6067 3.02567
    endloop
  endfacet
  facet normal 0.306575 -0.399288 -0.864049
    outer loop
      vertex 112.913 4.46415 3.6657
      vertex 112.812 5.23397 3.27412
      vertex 113.291 4.75438 3.6657
    endloop
  endfacet
  facet normal 0.207292 -0.158473 -0.965358
    outer loop
      vertex 112.812 5.23397 3.27412
      vertex 112.277 5.76887 3.07143
      vertex 112.339 5.84997 3.07143
    endloop
  endfacet
  facet normal 0.801879 -0.332282 -0.496567
    outer loop
      vertex 114.4 4.65994 4.89771
      vertex 114.299 5.42976 4.21948
      vertex 114.677 5.32841 4.89771
    endloop
  endfacet
  facet normal 0.790613 -0.607078 -0.079926
    outer loop
      vertex 114.576 4.51283 6.00175
      vertex 114.103 3.94259 5.65418
      vertex 114.576 4.55859 5.65418
    endloop
  endfacet
  facet normal 0.790613 -0.607078 -0.079926
    outer loop
      vertex 114.103 3.94259 5.65418
      vertex 114.576 4.51283 6.00175
      vertex 114.103 3.89683 6.00175
    endloop
  endfacet
  facet normal 0.380045 -0.917051 -0.120762
    outer loop
      vertex 112.77 3.17278 5.65418
      vertex 113.487 3.42415 6.00175
      vertex 112.77 3.12701 6.00175
    endloop
  endfacet
  facet normal 0.380036 -0.917058 -0.120737
    outer loop
      vertex 113.487 3.42415 6.00175
      vertex 112.77 3.17278 5.65418
      vertex 113.487 3.46991 5.65418
    endloop
  endfacet
  facet normal 0.528238 -0.688508 -0.496913
    outer loop
      vertex 113.386 3.64545 4.89771
      vertex 113.19 3.98457 4.21948
      vertex 113.683 4.36281 4.21948
    endloop
  endfacet
  facet normal 0.331921 -0.801963 -0.496673
    outer loop
      vertex 112.717 3.36856 4.89771
      vertex 112.616 3.7468 4.21948
      vertex 113.386 3.64545 4.89771
    endloop
  endfacet
  facet normal 0.528323 -0.688486 -0.496852
    outer loop
      vertex 113.96 4.08592 4.89771
      vertex 113.386 3.64545 4.89771
      vertex 113.683 4.36281 4.21948
    endloop
  endfacet
  facet normal 0.991503 -0.130086 0
    outer loop
      vertex 114.873 5.23019 44.9983
      vertex 114.974 6 6.00175
      vertex 114.974 6 44.9983
    endloop
  endfacet
  facet normal 0.991503 -0.130086 0
    outer loop
      vertex 114.974 6 6.00175
      vertex 114.873 5.23019 44.9983
      vertex 114.873 5.23019 6.00175
    endloop
  endfacet
  facet normal 0.991357 0.130069 -0.017102
    outer loop
      vertex 114.974 32 6.00175
      vertex 114.873 32.7241 5.65418
      vertex 114.873 32.7698 6.00175
    endloop
  endfacet
  facet normal 0.991359 0.130052 -0.0171373
    outer loop
      vertex 114.873 32.7241 5.65418
      vertex 114.974 32 6.00175
      vertex 114.974 31.9542 5.65418
    endloop
  endfacet
  facet normal 0.380119 0.917044 -0.120577
    outer loop
      vertex 113.487 34.5301 5.65418
      vertex 112.77 34.873 6.00175
      vertex 113.487 34.5758 6.00175
    endloop
  endfacet
  facet normal 0.379998 0.91706 -0.120843
    outer loop
      vertex 112.77 34.873 6.00175
      vertex 113.487 34.5301 5.65418
      vertex 112.77 34.8272 5.65418
    endloop
  endfacet
  facet normal -0.432272 0.563405 -0.704071
    outer loop
      vertex 2.08686 33.5358 3.6657
      vertex 1.31704 33.6372 4.21948
      vertex 1.80997 34.0154 4.21948
    endloop
  endfacet
  facet normal -0.528298 0.688562 -0.496774
    outer loop
      vertex 1.80997 34.0154 4.21948
      vertex 1.31704 33.6372 4.21948
      vertex 1.61418 34.3545 4.89771
    endloop
  endfacet
  facet normal 0.192774 0.464771 -0.864191
    outer loop
      vertex 112.913 33.5358 3.6657
      vertex 112.297 33.0632 3.27412
      vertex 112.473 33.7183 3.6657
    endloop
  endfacet
  facet normal 0.399297 0.30573 -0.864344
    outer loop
      vertex 112.994 32.5283 3.27412
      vertex 112.812 32.766 3.27412
      vertex 113.582 32.8674 3.6657
    endloop
  endfacet
  facet normal -0.271783 0.656062 -0.704072
    outer loop
      vertex 2.08686 33.5358 3.6657
      vertex 1.80997 34.0154 4.21948
      vertex 2.384 34.2532 4.21948
    endloop
  endfacet
  facet normal -0.332158 0.801804 -0.496771
    outer loop
      vertex 1.80997 34.0154 4.21948
      vertex 1.61418 34.3545 4.89771
      vertex 2.384 34.2532 4.21948
    endloop
  endfacet
  facet normal 0.129335 0.983102 -0.129545
    outer loop
      vertex 112.77 34.8272 5.65418
      vertex 112 34.9743 6.00175
      vertex 112.77 34.873 6.00175
    endloop
  endfacet
  facet normal 0.129466 0.983122 -0.129265
    outer loop
      vertex 112 34.9743 6.00175
      vertex 112.77 34.8272 5.65418
      vertex 112 34.9286 5.65418
    endloop
  endfacet
  facet normal 0.382913 0.923784 -0
    outer loop
      vertex 113.487 34.5758 6.00175
      vertex 112.77 34.873 44.9983
      vertex 113.487 34.5758 44.9983
    endloop
  endfacet
  facet normal 0.382913 0.923784 0
    outer loop
      vertex 112.77 34.873 44.9983
      vertex 113.487 34.5758 6.00175
      vertex 112.77 34.873 6.00175
    endloop
  endfacet
  facet normal 0.79315 0.609026 0
    outer loop
      vertex 114.576 33.4872 44.9983
      vertex 114.103 34.1032 6.00175
      vertex 114.103 34.1032 44.9983
    endloop
  endfacet
  facet normal 0.79315 0.609026 0
    outer loop
      vertex 114.103 34.1032 6.00175
      vertex 114.576 33.4872 44.9983
      vertex 114.576 33.4872 6.00175
    endloop
  endfacet
  facet normal 0.801874 0.332265 -0.496587
    outer loop
      vertex 114.677 32.6716 4.89771
      vertex 114.299 32.5702 4.21948
      vertex 114.4 33.3401 4.89771
    endloop
  endfacet
  facet normal 0.860234 0.113115 -0.497194
    outer loop
      vertex 114.38 31.9542 4.21948
      vertex 114.299 32.5702 4.21948
      vertex 114.772 31.9542 4.89771
    endloop
  endfacet
  facet normal 0.95804 0.126866 -0.257031
    outer loop
      vertex 114.772 31.9542 4.89771
      vertex 114.677 32.6716 4.89771
      vertex 114.873 32.7241 5.65418
    endloop
  endfacet
  facet normal 0.499045 0.0654693 -0.8641
    outer loop
      vertex 113.826 31.6067 3.61994
      vertex 113.109 31.9038 3.22836
      vertex 113.764 32.0793 3.61994
    endloop
  endfacet
  facet normal 0.306554 0.399302 -0.86405
    outer loop
      vertex 113.291 33.2456 3.6657
      vertex 112.812 32.766 3.27412
      vertex 112.913 33.5358 3.6657
    endloop
  endfacet
  facet normal 0.656296 -0.272109 -0.703727
    outer loop
      vertex 114.061 4.85573 4.21948
      vertex 113.582 5.13262 3.6657
      vertex 114.299 5.42976 4.21948
    endloop
  endfacet
  facet normal -0.258662 -0.0340459 -0.965368
    outer loop
      vertex 2.62176 6.29198 3.02567
      vertex 1.85195 6.39333 3.22836
      vertex 2.60842 6.39333 3.02567
    endloop
  endfacet
  facet normal -0.0340714 -0.258662 -0.965367
    outer loop
      vertex 3 4.89771 3.27412
      vertex 2.89865 5.66753 3.07143
      vertex 3 5.65418 3.07143
    endloop
  endfacet
  facet normal -0.0656851 -0.498924 -0.864153
    outer loop
      vertex 3 4.21948 3.6657
      vertex 2.52732 4.28171 3.6657
      vertex 2.70286 4.93683 3.27412
    endloop
  endfacet
  facet normal -0.0926925 -0.704063 -0.704062
    outer loop
      vertex 3 4.21948 3.6657
      vertex 2.384 3.7468 4.21948
      vertex 2.52732 4.28171 3.6657
    endloop
  endfacet
  facet normal -0.89291 -0.369851 -0.256753
    outer loop
      vertex 0.424151 4.55859 5.65418
      vertex 0.127014 5.27595 5.65418
      vertex 0.599691 4.65994 4.89771
    endloop
  endfacet
  facet normal -0.766753 -0.588361 -0.256753
    outer loop
      vertex 1.04016 4.08592 4.89771
      vertex 0.424151 4.55859 5.65418
      vertex 0.599691 4.65994 4.89771
    endloop
  endfacet
  facet normal -0.605472 -0.789057 -0.103885
    outer loop
      vertex 0.896829 3.94259 5.65418
      vertex 1.51283 3.42415 6.00175
      vertex 0.896829 3.89683 6.00175
    endloop
  endfacet
  facet normal -0.605472 -0.789057 -0.103885
    outer loop
      vertex 1.51283 3.42415 6.00175
      vertex 0.896829 3.94259 5.65418
      vertex 1.51283 3.46991 5.65418
    endloop
  endfacet
  facet normal -0.704062 -0.0926974 -0.704063
    outer loop
      vertex 0.701039 5.77732 4.17372
      vertex 1.23595 5.57308 3.6657
      vertex 0.701039 5.42976 4.21948
    endloop
  endfacet
  facet normal -0.704061 -0.0926948 -0.704063
    outer loop
      vertex 1.23595 5.57308 3.6657
      vertex 0.701039 5.77732 4.17372
      vertex 1.23595 5.92065 3.61994
    endloop
  endfacet
  facet normal 0.168307 -0.128668 -0.977301
    outer loop
      vertex 112.277 6.11644 3.02567
      vertex 112.339 5.84997 3.07143
      vertex 112.277 5.76887 3.07143
    endloop
  endfacet
  facet normal 0.168307 -0.128668 -0.977301
    outer loop
      vertex 112.339 5.84997 3.07143
      vertex 112.277 6.11644 3.02567
      vertex 112.339 6.19754 3.02567
    endloop
  endfacet
  facet normal -0.306347 -0.399233 -0.864155
    outer loop
      vertex 2.42598 5.05152 3.27412
      vertex 2.08686 4.46415 3.6657
      vertex 2.18821 5.23397 3.27412
    endloop
  endfacet
  facet normal -0.432305 -0.563398 -0.704056
    outer loop
      vertex 2.08686 4.46415 3.6657
      vertex 1.31704 4.36281 4.21948
      vertex 1.70862 4.75438 3.6657
    endloop
  endfacet
  facet normal -0.704144 0.0927024 -0.703979
    outer loop
      vertex 0.701039 32.2227 4.17372
      vertex 0.619941 31.9542 4.21948
      vertex 0.701039 32.5702 4.21948
    endloop
  endfacet
  facet normal -0.704144 0.0927024 -0.703979
    outer loop
      vertex 0.619941 31.9542 4.21948
      vertex 0.701039 32.2227 4.17372
      vertex 0.619941 31.6067 4.17372
    endloop
  endfacet
  facet normal -0.958209 -0.126151 -0.256751
    outer loop
      vertex 0.322803 5.32841 4.89771
      vertex 0.127014 5.27595 5.65418
      vertex 0.228362 6.04576 4.89771
    endloop
  endfacet
  facet normal -0.958209 -0.126151 -0.256752
    outer loop
      vertex 0.127014 5.27595 5.65418
      vertex 0.0256662 6.04576 5.65418
      vertex 0.228362 6.04576 4.89771
    endloop
  endfacet
  facet normal -0.704057 0.0926875 -0.704069
    outer loop
      vertex 0.701039 32.2227 4.17372
      vertex 1.23595 32.4269 3.6657
      vertex 1.23595 32.0793 3.61994
    endloop
  endfacet
  facet normal -0.70406 0.0927133 -0.704062
    outer loop
      vertex 1.23595 32.4269 3.6657
      vertex 0.701039 32.2227 4.17372
      vertex 0.701039 32.5702 4.21948
    endloop
  endfacet
  facet normal 0.168339 0.128693 -0.977292
    outer loop
      vertex 112.277 31.8836 3.02567
      vertex 112.339 32.15 3.07143
      vertex 112.339 31.8025 3.02567
    endloop
  endfacet
  facet normal 0.168339 0.128693 -0.977292
    outer loop
      vertex 112.339 32.15 3.07143
      vertex 112.277 31.8836 3.02567
      vertex 112.277 32.2311 3.07143
    endloop
  endfacet
  facet normal 0.0997693 -0.129883 -0.986497
    outer loop
      vertex 112.196 6.05421 3.02567
      vertex 112.277 5.76887 3.07143
      vertex 112.196 5.70665 3.07143
    endloop
  endfacet
  facet normal 0.0997824 -0.129879 -0.986496
    outer loop
      vertex 112.277 5.76887 3.07143
      vertex 112.196 6.05421 3.02567
      vertex 112.277 6.11644 3.02567
    endloop
  endfacet
  facet normal 0.240883 -0.100045 -0.965384
    outer loop
      vertex 112.994 5.8193 3.22836
      vertex 112.378 6.29198 3.02567
      vertex 113.109 6.09619 3.22836
    endloop
  endfacet
  facet normal -0.130517 -0.991446 0
    outer loop
      vertex 2.23019 3.12701 6.00175
      vertex 3 3.02567 44.9983
      vertex 2.23019 3.12701 44.9983
    endloop
  endfacet
  facet normal -0.130517 -0.991446 -0
    outer loop
      vertex 3 3.02567 44.9983
      vertex 2.23019 3.12701 6.00175
      vertex 3 3.02567 6.00175
    endloop
  endfacet
  facet normal -0.130466 0.991453 0
    outer loop
      vertex 3 34.9743 6.00175
      vertex 2.23019 34.873 44.9983
      vertex 3 34.9743 44.9983
    endloop
  endfacet
  facet normal -0.130466 0.991453 0
    outer loop
      vertex 2.23019 34.873 44.9983
      vertex 3 34.9743 6.00175
      vertex 2.23019 34.873 6.00175
    endloop
  endfacet
  facet normal -0.923889 0.382662 0
    outer loop
      vertex 0.127014 32.7698 6.00175
      vertex 0.424151 33.4872 44.9983
      vertex 0.424151 33.4872 6.00175
    endloop
  endfacet
  facet normal -0.923889 0.382662 0
    outer loop
      vertex 0.424151 33.4872 44.9983
      vertex 0.127014 32.7698 6.00175
      vertex 0.127014 32.7698 44.9983
    endloop
  endfacet
  facet normal -0.892904 0.36988 -0.256731
    outer loop
      vertex 0.599691 33.3401 4.89771
      vertex 0.127014 32.7241 5.65418
      vertex 0.424151 33.4414 5.65418
    endloop
  endfacet
  facet normal -0.958209 0.126142 -0.256757
    outer loop
      vertex 0.228362 31.9542 4.89771
      vertex 0.127014 32.7241 5.65418
      vertex 0.322803 32.6716 4.89771
    endloop
  endfacet
  facet normal -0.958211 0.126137 -0.256752
    outer loop
      vertex 0.228362 31.9542 4.89771
      vertex 0.0256662 31.9542 5.65418
      vertex 0.127014 32.7241 5.65418
    endloop
  endfacet
  facet normal 0.113336 -0.860463 -0.496747
    outer loop
      vertex 112.717 3.36856 4.89771
      vertex 112 3.27412 4.89771
      vertex 112.616 3.7468 4.21948
    endloop
  endfacet
  facet normal 0.113283 -0.860449 -0.496785
    outer loop
      vertex 112.616 3.7468 4.21948
      vertex 112 3.27412 4.89771
      vertex 112 3.6657 4.21948
    endloop
  endfacet
  facet normal 0.192521 -0.464978 -0.864136
    outer loop
      vertex 112.913 4.46415 3.6657
      vertex 112.297 4.93683 3.27412
      vertex 112.574 5.05152 3.27412
    endloop
  endfacet
  facet normal 0.0340683 -0.258647 -0.965371
    outer loop
      vertex 112.297 4.93683 3.27412
      vertex 112 4.89771 3.27412
      vertex 112.101 5.66753 3.07143
    endloop
  endfacet
  facet normal 0.95804 -0.126875 -0.257025
    outer loop
      vertex 114.873 5.27595 5.65418
      vertex 114.677 5.32841 4.89771
      vertex 114.772 6.04576 4.89771
    endloop
  endfacet
  facet normal 0.563744 -0.432312 -0.703775
    outer loop
      vertex 113.683 4.36281 4.21948
      vertex 113.582 5.13262 3.6657
      vertex 114.061 4.85573 4.21948
    endloop
  endfacet
  facet normal 0.79315 -0.609026 0
    outer loop
      vertex 114.103 3.89683 44.9983
      vertex 114.576 4.51283 6.00175
      vertex 114.576 4.51283 44.9983
    endloop
  endfacet
  facet normal 0.79315 -0.609026 0
    outer loop
      vertex 114.576 4.51283 6.00175
      vertex 114.103 3.89683 44.9983
      vertex 114.103 3.89683 6.00175
    endloop
  endfacet
  facet normal 0.370018 -0.892885 -0.256598
    outer loop
      vertex 113.487 3.46991 5.65418
      vertex 112.77 3.17278 5.65418
      vertex 113.386 3.64545 4.89771
    endloop
  endfacet
  facet normal 0.588416 -0.766796 -0.256498
    outer loop
      vertex 113.487 3.46991 5.65418
      vertex 113.386 3.64545 4.89771
      vertex 113.96 4.08592 4.89771
    endloop
  endfacet
  facet normal 0.892801 -0.369958 -0.256979
    outer loop
      vertex 114.873 5.27595 5.65418
      vertex 114.4 4.65994 4.89771
      vertex 114.677 5.32841 4.89771
    endloop
  endfacet
  facet normal 0.863918 -0.0657394 -0.499323
    outer loop
      vertex 114.38 6.04576 4.21948
      vertex 114.772 6.39333 4.85195
      vertex 114.772 6.04576 4.89771
    endloop
  endfacet
  facet normal 0.863918 -0.0657394 -0.499323
    outer loop
      vertex 114.772 6.39333 4.85195
      vertex 114.38 6.04576 4.21948
      vertex 114.38 6.39333 4.17372
    endloop
  endfacet
  facet normal 0.36959 0.892942 -0.257018
    outer loop
      vertex 113.386 34.3545 4.89771
      vertex 112.717 34.6314 4.89771
      vertex 112.77 34.8272 5.65418
    endloop
  endfacet
  facet normal 0.126285 0.958164 -0.256853
    outer loop
      vertex 112.717 34.6314 4.89771
      vertex 112 34.7259 4.89771
      vertex 112.77 34.8272 5.65418
    endloop
  endfacet
  facet normal 0.15878 0.207066 -0.965356
    outer loop
      vertex 112.812 32.766 3.27412
      vertex 112.196 32.2934 3.07143
      vertex 112.574 32.9485 3.27412
    endloop
  endfacet
  facet normal 0.0993384 0.241359 -0.965338
    outer loop
      vertex 112.196 32.2934 3.07143
      vertex 112.101 32.3325 3.07143
      vertex 112.574 32.9485 3.27412
    endloop
  endfacet
  facet normal 0.0656083 0.498918 -0.864162
    outer loop
      vertex 112.297 33.0632 3.27412
      vertex 112 33.7805 3.6657
      vertex 112.473 33.7183 3.6657
    endloop
  endfacet
  facet normal 0.272113 0.656053 -0.703953
    outer loop
      vertex 112.913 33.5358 3.6657
      vertex 112.473 33.7183 3.6657
      vertex 112.616 34.2532 4.21948
    endloop
  endfacet
  facet normal -0.271834 0.656065 -0.704049
    outer loop
      vertex 2.52732 33.7183 3.6657
      vertex 2.08686 33.5358 3.6657
      vertex 2.384 34.2532 4.21948
    endloop
  endfacet
  facet normal -0.0926497 0.704078 -0.704052
    outer loop
      vertex 2.52732 33.7183 3.6657
      vertex 2.384 34.2532 4.21948
      vertex 3 33.7805 3.6657
    endloop
  endfacet
  facet normal 0.130435 0.991457 -0
    outer loop
      vertex 112.77 34.873 6.00175
      vertex 112 34.9743 44.9983
      vertex 112.77 34.873 44.9983
    endloop
  endfacet
  facet normal 0.130435 0.991457 0
    outer loop
      vertex 112 34.9743 44.9983
      vertex 112.77 34.873 6.00175
      vertex 112 34.9743 6.00175
    endloop
  endfacet
  facet normal 0.36998 0.892882 -0.256663
    outer loop
      vertex 113.386 34.3545 4.89771
      vertex 112.77 34.8272 5.65418
      vertex 113.487 34.5301 5.65418
    endloop
  endfacet
  facet normal 0.608702 0.793399 -0
    outer loop
      vertex 114.103 34.1032 6.00175
      vertex 113.487 34.5758 44.9983
      vertex 114.103 34.1032 44.9983
    endloop
  endfacet
  facet normal 0.608702 0.793399 0
    outer loop
      vertex 113.487 34.5758 44.9983
      vertex 114.103 34.1032 6.00175
      vertex 113.487 34.5758 6.00175
    endloop
  endfacet
  facet normal 0.704063 0.0923655 -0.704105
    outer loop
      vertex 113.826 31.6067 3.61994
      vertex 113.764 32.0793 3.61994
      vertex 114.299 32.2227 4.17372
    endloop
  endfacet
  facet normal 0.860467 0.113945 -0.496602
    outer loop
      vertex 114.772 31.9542 4.89771
      vertex 114.299 32.5702 4.21948
      vertex 114.677 32.6716 4.89771
    endloop
  endfacet
  facet normal 0.991502 0.130088 0
    outer loop
      vertex 114.974 32 44.9983
      vertex 114.873 32.7698 6.00175
      vertex 114.873 32.7698 44.9983
    endloop
  endfacet
  facet normal 0.991502 0.130088 0
    outer loop
      vertex 114.873 32.7698 6.00175
      vertex 114.974 32 44.9983
      vertex 114.974 32 6.00175
    endloop
  endfacet
  facet normal 0.656308 0.27208 -0.703728
    outer loop
      vertex 114.299 32.5702 4.21948
      vertex 113.582 32.8674 3.6657
      vertex 114.061 33.1443 4.21948
    endloop
  endfacet
  facet normal 0.688758 0.527968 -0.496852
    outer loop
      vertex 114.4 33.3401 4.89771
      vertex 113.683 33.6372 4.21948
      vertex 113.96 33.9141 4.89771
    endloop
  endfacet
  facet normal 0.96559 0.0339534 -0.257841
    outer loop
      vertex 114.974 31.6067 5.60842
      vertex 114.772 31.9542 4.89771
      vertex 114.974 31.9542 5.65418
    endloop
  endfacet
  facet normal 0.96559 0.0339534 -0.257841
    outer loop
      vertex 114.772 31.9542 4.89771
      vertex 114.974 31.6067 5.60842
      vertex 114.772 31.6067 4.85195
    endloop
  endfacet
  facet normal 0.487105 0.113988 -0.865873
    outer loop
      vertex 113.109 32.2514 3.27412
      vertex 113.764 32.0793 3.61994
      vertex 113.109 31.9038 3.22836
    endloop
  endfacet
  facet normal 0.487105 0.113988 -0.865873
    outer loop
      vertex 113.764 32.0793 3.61994
      vertex 113.109 32.2514 3.27412
      vertex 113.764 32.4269 3.6657
    endloop
  endfacet
  facet normal 0.704001 0.092721 -0.70412
    outer loop
      vertex 114.299 32.2227 4.17372
      vertex 113.764 32.4269 3.6657
      vertex 114.299 32.5702 4.21948
    endloop
  endfacet
  facet normal 0.703998 0.0926952 -0.704127
    outer loop
      vertex 113.764 32.4269 3.6657
      vertex 114.299 32.2227 4.17372
      vertex 113.764 32.0793 3.61994
    endloop
  endfacet
  facet normal 0.0536417 0.130332 -0.990018
    outer loop
      vertex 112.101 31.9849 3.02567
      vertex 112.196 32.2934 3.07143
      vertex 112.196 31.9458 3.02567
    endloop
  endfacet
  facet normal 0.0536417 0.130332 -0.990018
    outer loop
      vertex 112.196 32.2934 3.07143
      vertex 112.101 31.9849 3.02567
      vertex 112.101 32.3325 3.07143
    endloop
  endfacet
  facet normal 0.207292 0.158473 -0.965358
    outer loop
      vertex 112.339 32.15 3.07143
      vertex 112.277 32.2311 3.07143
      vertex 112.812 32.766 3.27412
    endloop
  endfacet
  facet normal 0 -0.258812 -0.965928
    outer loop
      vertex 3 4.89771 3.27412
      vertex 112 5.65418 3.07143
      vertex 112 4.89771 3.27412
    endloop
  endfacet
  facet normal -0 -0.258812 -0.965928
    outer loop
      vertex 112 5.65418 3.07143
      vertex 3 4.89771 3.27412
      vertex 3 5.65418 3.07143
    endloop
  endfacet
  facet normal -1 0 0
    outer loop
      vertex 0.0256662 31.6067 5.60842
      vertex 0.0256662 32 6.00175
      vertex 0.0256662 31.9542 5.65418
    endloop
  endfacet
  facet normal -1 0 0
    outer loop
      vertex 0.0256662 6 6.00175
      vertex 0.0256662 32 6.00175
      vertex 0.0256662 31.6067 5.60842
    endloop
  endfacet
  facet normal -1 0 0
    outer loop
      vertex 0.0256662 32 6.00175
      vertex 0.0256662 6 6.00175
      vertex 0.0256662 32 44.9983
    endloop
  endfacet
  facet normal -1 0 0
    outer loop
      vertex 0.0256662 32 44.9983
      vertex 0.0256662 31.6067 45.3916
      vertex 0.0256662 31.9542 45.3458
    endloop
  endfacet
  facet normal -1 0 0
    outer loop
      vertex 0.0256662 6 6.00175
      vertex 0.0256662 31.6067 5.60842
      vertex 0.0256662 6.39333 5.60842
    endloop
  endfacet
  facet normal -1 0 0
    outer loop
      vertex 0.0256662 6 44.9983
      vertex 0.0256662 32 44.9983
      vertex 0.0256662 6 6.00175
    endloop
  endfacet
  facet normal -1 0 0
    outer loop
      vertex 0.0256662 6 6.00175
      vertex 0.0256662 6.39333 5.60842
      vertex 0.0256662 6.04576 5.65418
    endloop
  endfacet
  facet normal -1 0 0
    outer loop
      vertex 0.0256662 32 44.9983
      vertex 0.0256662 6 44.9983
      vertex 0.0256662 31.6067 45.3916
    endloop
  endfacet
  facet normal -1 -0 0
    outer loop
      vertex 0.0256662 31.6067 45.3916
      vertex 0.0256662 6 44.9983
      vertex 0.0256662 6.39333 45.3916
    endloop
  endfacet
  facet normal -1 0 0
    outer loop
      vertex 0.0256662 6.39333 45.3916
      vertex 0.0256662 6 44.9983
      vertex 0.0256662 6.04576 45.3458
    endloop
  endfacet
  facet normal -0.382683 -0.92388 0
    outer loop
      vertex 1.51283 3.42415 6.00175
      vertex 2.23019 3.12701 44.9983
      vertex 1.51283 3.42415 44.9983
    endloop
  endfacet
  facet normal -0.382683 -0.92388 -0
    outer loop
      vertex 2.23019 3.12701 44.9983
      vertex 1.51283 3.42415 6.00175
      vertex 2.23019 3.12701 6.00175
    endloop
  endfacet
  facet normal -0.588358 -0.766754 -0.256757
    outer loop
      vertex 1.51283 3.46991 5.65418
      vertex 0.896829 3.94259 5.65418
      vertex 1.04016 4.08592 4.89771
    endloop
  endfacet
  facet normal -0.258663 -0.0340544 -0.965367
    outer loop
      vertex 1.89107 6.09619 3.22836
      vertex 1.85195 6.39333 3.22836
      vertex 2.62176 6.29198 3.02567
    endloop
  endfacet
  facet normal -0.399235 -0.30634 -0.864157
    outer loop
      vertex 1.70862 4.75438 3.6657
      vertex 1.41839 5.13262 3.6657
      vertex 2.18821 5.23397 3.27412
    endloop
  endfacet
  facet normal -0.864154 -0.0656866 -0.498923
    outer loop
      vertex 0.619941 6.04576 4.21948
      vertex 0.228362 6.39333 4.85195
      vertex 0.619941 6.39333 4.17372
    endloop
  endfacet
  facet normal -0.864154 -0.0656866 -0.498923
    outer loop
      vertex 0.228362 6.39333 4.85195
      vertex 0.619941 6.04576 4.21948
      vertex 0.228362 6.04576 4.89771
    endloop
  endfacet
  facet normal -0 0 1
    outer loop
      vertex 17.9743 21.6084 12.9743
      vertex 97.0257 6.00175 12.9743
      vertex 97.0257 21.6084 12.9743
    endloop
  endfacet
  facet normal 0 0 1
    outer loop
      vertex 97.0257 6.00175 12.9743
      vertex 17.9743 21.6084 12.9743
      vertex 17.9743 6.00175 12.9743
    endloop
  endfacet
  facet normal 0.332117 -0.801763 -0.496865
    outer loop
      vertex 113.386 3.64545 4.89771
      vertex 112.616 3.7468 4.21948
      vertex 113.19 3.98457 4.21948
    endloop
  endfacet
  facet normal 0.27176 -0.656056 -0.704086
    outer loop
      vertex 113.19 3.98457 4.21948
      vertex 112.616 3.7468 4.21948
      vertex 112.913 4.46415 3.6657
    endloop
  endfacet
  facet normal 0.0997924 -0.241019 -0.965376
    outer loop
      vertex 112.297 4.93683 3.27412
      vertex 112.101 5.66753 3.07143
      vertex 112.574 5.05152 3.27412
    endloop
  endfacet
  facet normal 0.225467 -0.127173 -0.965915
    outer loop
      vertex 112.339 5.84997 3.07143
      vertex 112.994 5.8193 3.22836
      vertex 112.994 5.47174 3.27412
    endloop
  endfacet
  facet normal 0.225467 -0.127169 -0.965915
    outer loop
      vertex 112.994 5.8193 3.22836
      vertex 112.339 5.84997 3.07143
      vertex 112.339 6.19754 3.02567
    endloop
  endfacet
  facet normal 0.892847 -0.369655 -0.257255
    outer loop
      vertex 114.576 4.55859 5.65418
      vertex 114.4 4.65994 4.89771
      vertex 114.873 5.27595 5.65418
    endloop
  endfacet
  facet normal 0.76696 -0.587893 -0.257205
    outer loop
      vertex 114.576 4.55859 5.65418
      vertex 113.96 4.08592 4.89771
      vertex 114.4 4.65994 4.89771
    endloop
  endfacet
  facet normal 0.562628 -0.432859 -0.704332
    outer loop
      vertex 113.683 4.36281 4.21948
      vertex 113.291 4.75438 3.6657
      vertex 113.582 5.13262 3.6657
    endloop
  endfacet
  facet normal 0.399 -0.306972 -0.864041
    outer loop
      vertex 113.291 4.75438 3.6657
      vertex 112.812 5.23397 3.27412
      vertex 113.582 5.13262 3.6657
    endloop
  endfacet
  facet normal 0.465106 -0.192184 -0.864142
    outer loop
      vertex 113.582 5.13262 3.6657
      vertex 113.109 5.74862 3.27412
      vertex 113.764 5.57308 3.6657
    endloop
  endfacet
  facet normal 0.703931 -0.0925609 -0.704211
    outer loop
      vertex 114.299 5.77732 4.17372
      vertex 113.826 6.39333 3.61994
      vertex 114.38 6.39333 4.17372
    endloop
  endfacet
  facet normal 0.860469 -0.113954 -0.496596
    outer loop
      vertex 114.677 5.32841 4.89771
      vertex 114.299 5.42976 4.21948
      vertex 114.772 6.04576 4.89771
    endloop
  endfacet
  facet normal 0.271784 0.656031 -0.7041
    outer loop
      vertex 112.913 33.5358 3.6657
      vertex 112.616 34.2532 4.21948
      vertex 113.19 34.0154 4.21948
    endloop
  endfacet
  facet normal 0.332156 0.801756 -0.496849
    outer loop
      vertex 113.19 34.0154 4.21948
      vertex 112.616 34.2532 4.21948
      vertex 113.386 34.3545 4.89771
    endloop
  endfacet
  facet normal 0.605402 0.789098 -0.103981
    outer loop
      vertex 114.103 34.0574 5.65418
      vertex 113.487 34.5758 6.00175
      vertex 114.103 34.1032 6.00175
    endloop
  endfacet
  facet normal 0.605498 0.789056 -0.103748
    outer loop
      vertex 113.487 34.5758 6.00175
      vertex 114.103 34.0574 5.65418
      vertex 113.487 34.5301 5.65418
    endloop
  endfacet
  facet normal 0.588418 0.766798 -0.256488
    outer loop
      vertex 113.96 33.9141 4.89771
      vertex 113.487 34.5301 5.65418
      vertex 114.103 34.0574 5.65418
    endloop
  endfacet
  facet normal 0.892841 0.369683 -0.257233
    outer loop
      vertex 114.873 32.7241 5.65418
      vertex 114.4 33.3401 4.89771
      vertex 114.576 33.4414 5.65418
    endloop
  endfacet
  facet normal 0.766958 0.587912 -0.257168
    outer loop
      vertex 114.4 33.3401 4.89771
      vertex 113.96 33.9141 4.89771
      vertex 114.576 33.4414 5.65418
    endloop
  endfacet
  facet normal 0.688708 0.528163 -0.496714
    outer loop
      vertex 114.061 33.1443 4.21948
      vertex 113.683 33.6372 4.21948
      vertex 114.4 33.3401 4.89771
    endloop
  endfacet
  facet normal 0.801758 0.332378 -0.496698
    outer loop
      vertex 114.299 32.5702 4.21948
      vertex 114.061 33.1443 4.21948
      vertex 114.4 33.3401 4.89771
    endloop
  endfacet
  facet normal 0.656244 0.271138 -0.704151
    outer loop
      vertex 113.764 32.4269 3.6657
      vertex 113.582 32.8674 3.6657
      vertex 114.299 32.5702 4.21948
    endloop
  endfacet
  facet normal 0.465119 0.192172 -0.864138
    outer loop
      vertex 113.764 32.4269 3.6657
      vertex 113.109 32.2514 3.27412
      vertex 113.582 32.8674 3.6657
    endloop
  endfacet
  facet normal 0.0536751 -0.130346 -0.990015
    outer loop
      vertex 112.101 6.01509 3.02567
      vertex 112.196 5.70665 3.07143
      vertex 112.101 5.66753 3.07143
    endloop
  endfacet
  facet normal 0.0536751 -0.130346 -0.990015
    outer loop
      vertex 112.196 5.70665 3.07143
      vertex 112.101 6.01509 3.02567
      vertex 112.196 6.05421 3.02567
    endloop
  endfacet
  facet normal 0.299822 -0.124529 -0.945832
    outer loop
      vertex 112.994 5.8193 3.22836
      vertex 113.109 5.74862 3.27412
      vertex 112.994 5.47174 3.27412
    endloop
  endfacet
  facet normal 0.299825 -0.124525 -0.945832
    outer loop
      vertex 113.109 5.74862 3.27412
      vertex 112.994 5.8193 3.22836
      vertex 113.109 6.09619 3.22836
    endloop
  endfacet
  facet normal 0.159025 0.206758 -0.965382
    outer loop
      vertex 112.277 32.2311 3.07143
      vertex 112.196 32.2934 3.07143
      vertex 112.812 32.766 3.27412
    endloop
  endfacet
  facet normal -0.379883 -0.91712 -0.120745
    outer loop
      vertex 1.51283 3.46991 5.65418
      vertex 2.23019 3.12701 6.00175
      vertex 1.51283 3.42415 6.00175
    endloop
  endfacet
  facet normal -0.379871 -0.917122 -0.120772
    outer loop
      vertex 2.23019 3.12701 6.00175
      vertex 1.51283 3.46991 5.65418
      vertex 2.23019 3.17278 5.65418
    endloop
  endfacet
  facet normal -0.790815 -0.606819 -0.079892
    outer loop
      vertex 0.896829 3.94259 5.65418
      vertex 0.424151 4.51283 6.00175
      vertex 0.424151 4.55859 5.65418
    endloop
  endfacet
  facet normal -0.790815 -0.606819 -0.079892
    outer loop
      vertex 0.424151 4.51283 6.00175
      vertex 0.896829 3.94259 5.65418
      vertex 0.896829 3.89683 6.00175
    endloop
  endfacet
  facet normal -0.766754 -0.588357 -0.256757
    outer loop
      vertex 0.896829 3.94259 5.65418
      vertex 0.424151 4.55859 5.65418
      vertex 1.04016 4.08592 4.89771
    endloop
  endfacet
  facet normal 0 0 -1
    outer loop
      vertex 112 6.00175 3.02567
      vertex 112.392 6.39333 3.02567
      vertex 112.378 6.29198 3.02567
    endloop
  endfacet
  facet normal -0 0 -1
    outer loop
      vertex 112.392 6.39333 3.02567
      vertex 112 6.00175 3.02567
      vertex 112.392 31.6067 3.02567
    endloop
  endfacet
  facet normal 0 0 -1
    outer loop
      vertex 112 6.00175 3.02567
      vertex 112.378 6.29198 3.02567
      vertex 112.339 6.19754 3.02567
    endloop
  endfacet
  facet normal 0 0 -1
    outer loop
      vertex 112 31.9983 3.02567
      vertex 112.392 31.6067 3.02567
      vertex 112 6.00175 3.02567
    endloop
  endfacet
  facet normal 0 0 -1
    outer loop
      vertex 112 6.00175 3.02567
      vertex 112.339 6.19754 3.02567
      vertex 112.277 6.11644 3.02567
    endloop
  endfacet
  facet normal 0 0 -1
    outer loop
      vertex 112.392 31.6067 3.02567
      vertex 112 31.9983 3.02567
      vertex 112.378 31.708 3.02567
    endloop
  endfacet
  facet normal 0 0 -1
    outer loop
      vertex 112 6.00175 3.02567
      vertex 112.277 6.11644 3.02567
      vertex 112.196 6.05421 3.02567
    endloop
  endfacet
  facet normal 0 0 -1
    outer loop
      vertex 112.378 31.708 3.02567
      vertex 112 31.9983 3.02567
      vertex 112.339 31.8025 3.02567
    endloop
  endfacet
  facet normal 0 0 -1
    outer loop
      vertex 112 6.00175 3.02567
      vertex 112.196 6.05421 3.02567
      vertex 112.101 6.01509 3.02567
    endloop
  endfacet
  facet normal 0 0 -1
    outer loop
      vertex 112.339 31.8025 3.02567
      vertex 112 31.9983 3.02567
      vertex 112.277 31.8836 3.02567
    endloop
  endfacet
  facet normal 0 0 -1
    outer loop
      vertex 112.277 31.8836 3.02567
      vertex 112 31.9983 3.02567
      vertex 112.196 31.9458 3.02567
    endloop
  endfacet
  facet normal 0 0 -1
    outer loop
      vertex 112.196 31.9458 3.02567
      vertex 112 31.9983 3.02567
      vertex 112.101 31.9849 3.02567
    endloop
  endfacet
  facet normal 0 0 -1
    outer loop
      vertex 3 6.00175 3.02567
      vertex 112 31.9983 3.02567
      vertex 112 6.00175 3.02567
    endloop
  endfacet
  facet normal 0 0 -1
    outer loop
      vertex 3 6.00175 3.02567
      vertex 3 31.9983 3.02567
      vertex 112 31.9983 3.02567
    endloop
  endfacet
  facet normal 0 0 -1
    outer loop
      vertex 2.60842 6.39333 3.02567
      vertex 3 6.00175 3.02567
      vertex 2.89865 6.01509 3.02567
    endloop
  endfacet
  facet normal 0 0 -1
    outer loop
      vertex 3 6.00175 3.02567
      vertex 2.60842 6.39333 3.02567
      vertex 3 31.9983 3.02567
    endloop
  endfacet
  facet normal 0 0 -1
    outer loop
      vertex 2.60842 6.39333 3.02567
      vertex 2.89865 6.01509 3.02567
      vertex 2.80421 6.05421 3.02567
    endloop
  endfacet
  facet normal 0 0 -1
    outer loop
      vertex 2.60842 31.6067 3.02567
      vertex 3 31.9983 3.02567
      vertex 2.60842 6.39333 3.02567
    endloop
  endfacet
  facet normal 0 0 -1
    outer loop
      vertex 2.60842 6.39333 3.02567
      vertex 2.80421 6.05421 3.02567
      vertex 2.72311 6.11644 3.02567
    endloop
  endfacet
  facet normal 0 0 -1
    outer loop
      vertex 3 31.9983 3.02567
      vertex 2.60842 31.6067 3.02567
      vertex 2.89865 31.9849 3.02567
    endloop
  endfacet
  facet normal 0 0 -1
    outer loop
      vertex 2.60842 6.39333 3.02567
      vertex 2.72311 6.11644 3.02567
      vertex 2.66088 6.19754 3.02567
    endloop
  endfacet
  facet normal 0 0 -1
    outer loop
      vertex 2.89865 31.9849 3.02567
      vertex 2.60842 31.6067 3.02567
      vertex 2.80421 31.9458 3.02567
    endloop
  endfacet
  facet normal 0 0 -1
    outer loop
      vertex 2.60842 6.39333 3.02567
      vertex 2.66088 6.19754 3.02567
      vertex 2.62176 6.29198 3.02567
    endloop
  endfacet
  facet normal 0 0 -1
    outer loop
      vertex 2.80421 31.9458 3.02567
      vertex 2.60842 31.6067 3.02567
      vertex 2.72311 31.8836 3.02567
    endloop
  endfacet
  facet normal 0 0 -1
    outer loop
      vertex 2.72311 31.8836 3.02567
      vertex 2.60842 31.6067 3.02567
      vertex 2.66088 31.8025 3.02567
    endloop
  endfacet
  facet normal 0 0 -1
    outer loop
      vertex 2.66088 31.8025 3.02567
      vertex 2.60842 31.6067 3.02567
      vertex 2.62176 31.708 3.02567
    endloop
  endfacet
  facet normal -0.0539925 -0.130344 -0.989998
    outer loop
      vertex 2.80421 5.70665 3.07143
      vertex 2.89865 6.01509 3.02567
      vertex 2.89865 5.66753 3.07143
    endloop
  endfacet
  facet normal -0.0539925 -0.130344 -0.989998
    outer loop
      vertex 2.89865 6.01509 3.02567
      vertex 2.80421 5.70665 3.07143
      vertex 2.80421 6.05421 3.02567
    endloop
  endfacet
  facet normal -0.0998427 -0.241031 -0.965368
    outer loop
      vertex 2.89865 5.66753 3.07143
      vertex 2.42598 5.05152 3.27412
      vertex 2.80421 5.70665 3.07143
    endloop
  endfacet
  facet normal -0.167702 -0.128682 -0.977403
    outer loop
      vertex 2.66088 5.84997 3.07143
      vertex 2.72311 6.11644 3.02567
      vertex 2.72311 5.76887 3.07143
    endloop
  endfacet
  facet normal -0.167702 -0.128682 -0.977403
    outer loop
      vertex 2.72311 6.11644 3.02567
      vertex 2.66088 5.84997 3.07143
      vertex 2.66088 6.19754 3.02567
    endloop
  endfacet
  facet normal -0.608701 0.793399 0
    outer loop
      vertex 1.51283 34.5758 6.00175
      vertex 0.896829 34.1032 44.9983
      vertex 1.51283 34.5758 44.9983
    endloop
  endfacet
  facet normal -0.608701 0.793399 0
    outer loop
      vertex 0.896829 34.1032 44.9983
      vertex 1.51283 34.5758 6.00175
      vertex 0.896829 34.1032 6.00175
    endloop
  endfacet
  facet normal 0.158745 -0.207078 -0.965359
    outer loop
      vertex 112.574 5.05152 3.27412
      vertex 112.196 5.70665 3.07143
      vertex 112.812 5.23397 3.27412
    endloop
  endfacet
  facet normal 0.306171 -0.39939 -0.864145
    outer loop
      vertex 112.913 4.46415 3.6657
      vertex 112.574 5.05152 3.27412
      vertex 112.812 5.23397 3.27412
    endloop
  endfacet
  facet normal 0.801744 -0.332413 -0.496697
    outer loop
      vertex 114.4 4.65994 4.89771
      vertex 114.061 4.85573 4.21948
      vertex 114.299 5.42976 4.21948
    endloop
  endfacet
  facet normal 0.688721 -0.528151 -0.496709
    outer loop
      vertex 114.4 4.65994 4.89771
      vertex 113.683 4.36281 4.21948
      vertex 114.061 4.85573 4.21948
    endloop
  endfacet
  facet normal 0.46439 -0.192881 -0.864372
    outer loop
      vertex 113.582 5.13262 3.6657
      vertex 112.994 5.47174 3.27412
      vertex 113.109 5.74862 3.27412
    endloop
  endfacet
  facet normal 0.39933 -0.305665 -0.864352
    outer loop
      vertex 113.582 5.13262 3.6657
      vertex 112.812 5.23397 3.27412
      vertex 112.994 5.47174 3.27412
    endloop
  endfacet
  facet normal 0.487097 -0.113999 -0.865876
    outer loop
      vertex 113.109 5.74862 3.27412
      vertex 113.764 5.92065 3.61994
      vertex 113.764 5.57308 3.6657
    endloop
  endfacet
  facet normal 0.487097 -0.113999 -0.865876
    outer loop
      vertex 113.764 5.92065 3.61994
      vertex 113.109 5.74862 3.27412
      vertex 113.109 6.09619 3.22836
    endloop
  endfacet
  facet normal 0.704002 -0.0927025 -0.704121
    outer loop
      vertex 114.299 5.77732 4.17372
      vertex 113.764 5.57308 3.6657
      vertex 113.764 5.92065 3.61994
    endloop
  endfacet
  facet normal 0.704003 -0.092705 -0.704121
    outer loop
      vertex 113.764 5.57308 3.6657
      vertex 114.299 5.77732 4.17372
      vertex 114.299 5.42976 4.21948
    endloop
  endfacet
  facet normal 0.965591 -0.0339466 -0.257841
    outer loop
      vertex 114.772 6.04576 4.89771
      vertex 114.974 6.39333 5.60842
      vertex 114.974 6.04576 5.65418
    endloop
  endfacet
  facet normal 0.965591 -0.0339466 -0.257841
    outer loop
      vertex 114.974 6.39333 5.60842
      vertex 114.772 6.04576 4.89771
      vertex 114.772 6.39333 4.85195
    endloop
  endfacet
  facet normal 0.33194 0.801978 -0.496637
    outer loop
      vertex 113.386 34.3545 4.89771
      vertex 112.616 34.2532 4.21948
      vertex 112.717 34.6314 4.89771
    endloop
  endfacet
  facet normal 0.11341 0.860474 -0.496713
    outer loop
      vertex 112.616 34.2532 4.21948
      vertex 112 34.7259 4.89771
      vertex 112.717 34.6314 4.89771
    endloop
  endfacet
  facet normal 0.562594 0.432879 -0.704346
    outer loop
      vertex 113.582 32.8674 3.6657
      vertex 113.291 33.2456 3.6657
      vertex 113.683 33.6372 4.21948
    endloop
  endfacet
  facet normal 0.398979 0.306988 -0.864045
    outer loop
      vertex 113.582 32.8674 3.6657
      vertex 112.812 32.766 3.27412
      vertex 113.291 33.2456 3.6657
    endloop
  endfacet
  facet normal -0.0996475 -0.129885 -0.986509
    outer loop
      vertex 2.72311 5.76887 3.07143
      vertex 2.80421 6.05421 3.02567
      vertex 2.80421 5.70665 3.07143
    endloop
  endfacet
  facet normal -0.0996606 -0.129881 -0.986508
    outer loop
      vertex 2.80421 6.05421 3.02567
      vertex 2.72311 5.76887 3.07143
      vertex 2.72311 6.11644 3.02567
    endloop
  endfacet
  facet normal 0.258797 -0.035749 -0.96527
    outer loop
      vertex 113.148 6.39333 3.22836
      vertex 112.378 6.29198 3.02567
      vertex 112.392 6.39333 3.02567
    endloop
  endfacet
  facet normal -0.991445 -0.130527 0
    outer loop
      vertex 0.127014 5.23019 6.00175
      vertex 0.0256662 6 44.9983
      vertex 0.0256662 6 6.00175
    endloop
  endfacet
  facet normal -0.991445 -0.130527 0
    outer loop
      vertex 0.0256662 6 44.9983
      vertex 0.127014 5.23019 6.00175
      vertex 0.127014 5.23019 44.9983
    endloop
  endfacet
  facet normal -0.487029 -0.114004 -0.865914
    outer loop
      vertex 1.23595 5.92065 3.61994
      vertex 1.89107 5.74862 3.27412
      vertex 1.23595 5.57308 3.6657
    endloop
  endfacet
  facet normal -0.487029 -0.114004 -0.865914
    outer loop
      vertex 1.89107 5.74862 3.27412
      vertex 1.23595 5.92065 3.61994
      vertex 1.89107 6.09619 3.22836
    endloop
  endfacet
  facet normal -0.498924 -0.0656851 -0.864153
    outer loop
      vertex 1.23595 5.92065 3.61994
      vertex 1.17372 6.39333 3.61994
      vertex 1.89107 6.09619 3.22836
    endloop
  endfacet
  facet normal -0.158809 -0.206998 -0.965366
    outer loop
      vertex 2.80421 5.70665 3.07143
      vertex 2.18821 5.23397 3.27412
      vertex 2.72311 5.76887 3.07143
    endloop
  endfacet
  facet normal -0.399233 -0.306347 -0.864155
    outer loop
      vertex 2.18821 5.23397 3.27412
      vertex 1.41839 5.13262 3.6657
      vertex 2.00576 5.47174 3.27412
    endloop
  endfacet
  facet normal -0.158823 -0.20698 -0.965368
    outer loop
      vertex 2.42598 5.05152 3.27412
      vertex 2.18821 5.23397 3.27412
      vertex 2.80421 5.70665 3.07143
    endloop
  endfacet
  facet normal 0.207165 -0.158574 -0.965369
    outer loop
      vertex 112.812 5.23397 3.27412
      vertex 112.339 5.84997 3.07143
      vertex 112.994 5.47174 3.27412
    endloop
  endfacet
  facet normal 0.499044 -0.0654581 -0.864101
    outer loop
      vertex 113.764 5.92065 3.61994
      vertex 113.109 6.09619 3.22836
      vertex 113.826 6.39333 3.61994
    endloop
  endfacet
  facet normal 0.0925921 0.704117 -0.704021
    outer loop
      vertex 112.473 33.7183 3.6657
      vertex 112 33.7805 3.6657
      vertex 112.616 34.2532 4.21948
    endloop
  endfacet
  facet normal 0.0926923 0.70405 -0.704075
    outer loop
      vertex 112.616 34.2532 4.21948
      vertex 112 33.7805 3.6657
      vertex 112 34.3343 4.21948
    endloop
  endfacet
  facet normal 0.241207 -0.0996089 -0.965348
    outer loop
      vertex 112.994 5.8193 3.22836
      vertex 112.339 6.19754 3.02567
      vertex 112.378 6.29198 3.02567
    endloop
  endfacet
  facet normal -0.241036 -0.0998391 -0.965367
    outer loop
      vertex 2.00576 5.8193 3.22836
      vertex 1.89107 6.09619 3.22836
      vertex 2.62176 6.29198 3.02567
    endloop
  endfacet
  facet normal -0.0998412 -0.241033 -0.965368
    outer loop
      vertex 2.70286 4.93683 3.27412
      vertex 2.42598 5.05152 3.27412
      vertex 2.89865 5.66753 3.07143
    endloop
  endfacet
  facet normal -0.192579 -0.464917 -0.864156
    outer loop
      vertex 2.70286 4.93683 3.27412
      vertex 2.08686 4.46415 3.6657
      vertex 2.42598 5.05152 3.27412
    endloop
  endfacet
  facet normal -0.206984 -0.158823 -0.965367
    outer loop
      vertex 2.72311 5.76887 3.07143
      vertex 2.18821 5.23397 3.27412
      vertex 2.66088 5.84997 3.07143
    endloop
  endfacet
  facet normal -0.206982 -0.158825 -0.965367
    outer loop
      vertex 2.18821 5.23397 3.27412
      vertex 2.00576 5.47174 3.27412
      vertex 2.66088 5.84997 3.07143
    endloop
  endfacet
  facet normal -0.991445 0.130528 0
    outer loop
      vertex 0.0256662 32 6.00175
      vertex 0.127014 32.7698 44.9983
      vertex 0.127014 32.7698 6.00175
    endloop
  endfacet
  facet normal -0.991445 0.130528 0
    outer loop
      vertex 0.127014 32.7698 44.9983
      vertex 0.0256662 32 6.00175
      vertex 0.0256662 32 44.9983
    endloop
  endfacet
  facet normal -0.225427 -0.127174 -0.965924
    outer loop
      vertex 2.00576 5.8193 3.22836
      vertex 2.66088 5.84997 3.07143
      vertex 2.00576 5.47174 3.27412
    endloop
  endfacet
  facet normal -0.225428 -0.127171 -0.965924
    outer loop
      vertex 2.66088 5.84997 3.07143
      vertex 2.00576 5.8193 3.22836
      vertex 2.66088 6.19754 3.02567
    endloop
  endfacet
  facet normal -0.241033 -0.0998434 -0.965367
    outer loop
      vertex 2.66088 6.19754 3.02567
      vertex 2.00576 5.8193 3.22836
      vertex 2.62176 6.29198 3.02567
    endloop
  endfacet
  facet normal 0.258591 -0.0339404 -0.965391
    outer loop
      vertex 113.109 6.09619 3.22836
      vertex 112.378 6.29198 3.02567
      vertex 113.148 6.39333 3.22836
    endloop
  endfacet
  facet normal 0.499057 -0.0655018 -0.86409
    outer loop
      vertex 113.826 6.39333 3.61994
      vertex 113.109 6.09619 3.22836
      vertex 113.148 6.39333 3.22836
    endloop
  endfacet
  facet normal -0.528276 0.688558 0.496802
    outer loop
      vertex 1.61418 34.3545 46.1023
      vertex 1.04016 33.9141 46.1023
      vertex 1.31704 33.6372 46.7805
    endloop
  endfacet
  facet normal -0.126215 0.958202 0.256745
    outer loop
      vertex 3 34.9286 45.3458
      vertex 2.23019 34.8272 45.3458
      vertex 3 34.7259 46.1023
    endloop
  endfacet
  facet normal -0.528292 0.688554 0.49679
    outer loop
      vertex 1.61418 34.3545 46.1023
      vertex 1.31704 33.6372 46.7805
      vertex 1.80997 34.0154 46.7805
    endloop
  endfacet
  facet normal 0.192556 0.465021 0.864105
    outer loop
      vertex 112.913 33.5358 47.3343
      vertex 112.297 33.0632 47.7259
      vertex 112.574 32.9485 47.7259
    endloop
  endfacet
  facet normal -0.332135 0.801815 0.496768
    outer loop
      vertex 2.28265 34.6314 46.1023
      vertex 1.61418 34.3545 46.1023
      vertex 2.384 34.2532 46.7805
    endloop
  endfacet
  facet normal -0.922716 0.382176 0.0503702
    outer loop
      vertex 0.127014 32.7698 44.9983
      vertex 0.424151 33.4414 45.3458
      vertex 0.424151 33.4872 44.9983
    endloop
  endfacet
  facet normal -0.922702 0.382223 0.0502665
    outer loop
      vertex 0.424151 33.4414 45.3458
      vertex 0.127014 32.7698 44.9983
      vertex 0.127014 32.7241 45.3458
    endloop
  endfacet
  facet normal 0 0.991463 0.130388
    outer loop
      vertex 112 34.9743 44.9983
      vertex 3 34.9286 45.3458
      vertex 112 34.9286 45.3458
    endloop
  endfacet
  facet normal 0 0.991463 0.130388
    outer loop
      vertex 3 34.9286 45.3458
      vertex 112 34.9743 44.9983
      vertex 3 34.9743 44.9983
    endloop
  endfacet
  facet normal 0.126286 0.958167 0.256844
    outer loop
      vertex 112.77 34.8272 45.3458
      vertex 112 34.7259 46.1023
      vertex 112.717 34.6314 46.1023
    endloop
  endfacet
  facet normal -0.432277 0.56342 0.704056
    outer loop
      vertex 2.08686 33.5358 47.3343
      vertex 1.31704 33.6372 46.7805
      vertex 1.70862 33.2456 47.3343
    endloop
  endfacet
  facet normal 0.76696 0.587913 0.257159
    outer loop
      vertex 114.576 33.4414 45.3458
      vertex 113.96 33.9141 46.1023
      vertex 114.4 33.3401 46.1023
    endloop
  endfacet
  facet normal 0 0.707107 0.707107
    outer loop
      vertex 112 34.3343 46.7805
      vertex 3 33.7805 47.3343
      vertex 112 33.7805 47.3343
    endloop
  endfacet
  facet normal 0 0.707107 0.707107
    outer loop
      vertex 3 33.7805 47.3343
      vertex 112 34.3343 46.7805
      vertex 3 34.3343 46.7805
    endloop
  endfacet
  facet normal -0.369867 0.892903 0.256753
    outer loop
      vertex 2.23019 34.8272 45.3458
      vertex 1.61418 34.3545 46.1023
      vertex 2.28265 34.6314 46.1023
    endloop
  endfacet
  facet normal 0 -0.991447 0.130507
    outer loop
      vertex 17.9743 24.8978 15.2236
      vertex 97.0257 25 16
      vertex 17.9743 25 16
    endloop
  endfacet
  facet normal 0 -0.991447 0.130507
    outer loop
      vertex 97.0257 25 16
      vertex 17.9743 24.8978 15.2236
      vertex 97.0257 24.8978 15.2236
    endloop
  endfacet
  facet normal -0.271839 0.656077 0.704036
    outer loop
      vertex 2.384 34.2532 46.7805
      vertex 2.08686 33.5358 47.3343
      vertex 2.52732 33.7183 47.3343
    endloop
  endfacet
  facet normal -0.332155 0.801795 0.496788
    outer loop
      vertex 2.384 34.2532 46.7805
      vertex 1.61418 34.3545 46.1023
      vertex 1.80997 34.0154 46.7805
    endloop
  endfacet
  facet normal -0.892907 0.369881 0.256721
    outer loop
      vertex 0.424151 33.4414 45.3458
      vertex 0.127014 32.7241 45.3458
      vertex 0.599691 33.3401 46.1023
    endloop
  endfacet
  facet normal -0.158933 0.206893 0.965368
    outer loop
      vertex 2.80421 32.2934 47.9286
      vertex 2.18821 32.766 47.7259
      vertex 2.72311 32.2311 47.9286
    endloop
  endfacet
  facet normal -0.0926514 0.704091 0.704039
    outer loop
      vertex 3 33.7805 47.3343
      vertex 2.384 34.2532 46.7805
      vertex 2.52732 33.7183 47.3343
    endloop
  endfacet
  facet normal -0.126228 0.958197 0.256757
    outer loop
      vertex 3 34.7259 46.1023
      vertex 2.23019 34.8272 45.3458
      vertex 2.28265 34.6314 46.1023
    endloop
  endfacet
  facet normal 0.129461 0.983083 0.129569
    outer loop
      vertex 112.77 34.873 44.9983
      vertex 112 34.9286 45.3458
      vertex 112.77 34.8272 45.3458
    endloop
  endfacet
  facet normal 0.12934 0.983135 0.129293
    outer loop
      vertex 112 34.9286 45.3458
      vertex 112.77 34.873 44.9983
      vertex 112 34.9743 44.9983
    endloop
  endfacet
  facet normal 0.0926939 0.704062 0.704062
    outer loop
      vertex 112 34.3343 46.7805
      vertex 112 33.7805 47.3343
      vertex 112.616 34.2532 46.7805
    endloop
  endfacet
  facet normal 0.192782 0.464789 0.86418
    outer loop
      vertex 112.473 33.7183 47.3343
      vertex 112.297 33.0632 47.7259
      vertex 112.913 33.5358 47.3343
    endloop
  endfacet
  facet normal -0.86044 0.113279 0.496801
    outer loop
      vertex 0.701039 32.5702 46.7805
      vertex 0.228362 31.9542 46.1023
      vertex 0.619941 31.9542 46.7805
    endloop
  endfacet
  facet normal 0 0.965927 0.258815
    outer loop
      vertex 112 34.9286 45.3458
      vertex 3 34.7259 46.1023
      vertex 112 34.7259 46.1023
    endloop
  endfacet
  facet normal 0 0.965927 0.258815
    outer loop
      vertex 3 34.7259 46.1023
      vertex 112 34.9286 45.3458
      vertex 3 34.9286 45.3458
    endloop
  endfacet
  facet normal -0.766752 0.588381 0.256707
    outer loop
      vertex 1.04016 33.9141 46.1023
      vertex 0.424151 33.4414 45.3458
      vertex 0.599691 33.3401 46.1023
    endloop
  endfacet
  facet normal -0.801798 0.332099 0.49682
    outer loop
      vertex 0.599691 33.3401 46.1023
      vertex 0.322803 32.6716 46.1023
      vertex 0.701039 32.5702 46.7805
    endloop
  endfacet
  facet normal -0.0339443 0.258666 0.96537
    outer loop
      vertex 3 33.1023 47.7259
      vertex 2.89865 32.3325 47.9286
      vertex 3 32.3458 47.9286
    endloop
  endfacet
  facet normal 0.0656108 0.498937 0.864151
    outer loop
      vertex 112.473 33.7183 47.3343
      vertex 112 33.7805 47.3343
      vertex 112.297 33.0632 47.7259
    endloop
  endfacet
  facet normal -0.129497 0.983115 0.12929
    outer loop
      vertex 3 34.9743 44.9983
      vertex 2.23019 34.8272 45.3458
      vertex 3 34.9286 45.3458
    endloop
  endfacet
  facet normal -0.129366 0.983095 0.129571
    outer loop
      vertex 2.23019 34.8272 45.3458
      vertex 3 34.9743 44.9983
      vertex 2.23019 34.873 44.9983
    endloop
  endfacet
  facet normal -0.113351 0.860448 0.49677
    outer loop
      vertex 3 34.7259 46.1023
      vertex 2.28265 34.6314 46.1023
      vertex 2.384 34.2532 46.7805
    endloop
  endfacet
  facet normal -0.369806 0.892913 0.256808
    outer loop
      vertex 2.23019 34.8272 45.3458
      vertex 1.51283 34.5301 45.3458
      vertex 1.61418 34.3545 46.1023
    endloop
  endfacet
  facet normal 0.588419 0.7668 0.256479
    outer loop
      vertex 114.103 34.0574 45.3458
      vertex 113.487 34.5301 45.3458
      vertex 113.96 33.9141 46.1023
    endloop
  endfacet
  facet normal 0.126185 0.958206 0.256746
    outer loop
      vertex 112 34.9286 45.3458
      vertex 112 34.7259 46.1023
      vertex 112.77 34.8272 45.3458
    endloop
  endfacet
  facet normal 0.113408 0.860464 0.496729
    outer loop
      vertex 112.717 34.6314 46.1023
      vertex 112 34.7259 46.1023
      vertex 112.616 34.2532 46.7805
    endloop
  endfacet
  facet normal 0.369591 0.892944 0.257008
    outer loop
      vertex 112.77 34.8272 45.3458
      vertex 112.717 34.6314 46.1023
      vertex 113.386 34.3545 46.1023
    endloop
  endfacet
  facet normal 0.588349 0.76683 0.256548
    outer loop
      vertex 113.487 34.5301 45.3458
      vertex 113.386 34.3545 46.1023
      vertex 113.96 33.9141 46.1023
    endloop
  endfacet
  facet normal -0.766761 0.588362 0.256726
    outer loop
      vertex 0.896829 34.0574 45.3458
      vertex 0.424151 33.4414 45.3458
      vertex 1.04016 33.9141 46.1023
    endloop
  endfacet
  facet normal -0.605496 0.789054 0.103769
    outer loop
      vertex 1.51283 34.5758 44.9983
      vertex 0.896829 34.0574 45.3458
      vertex 1.51283 34.5301 45.3458
    endloop
  endfacet
  facet normal -0.6054 0.789097 0.104002
    outer loop
      vertex 0.896829 34.0574 45.3458
      vertex 1.51283 34.5758 44.9983
      vertex 0.896829 34.1032 44.9983
    endloop
  endfacet
  facet normal -0.68851 0.528335 0.496806
    outer loop
      vertex 1.31704 33.6372 46.7805
      vertex 0.599691 33.3401 46.1023
      vertex 0.938808 33.1443 46.7805
    endloop
  endfacet
  facet normal -0.688509 0.528339 0.496803
    outer loop
      vertex 1.04016 33.9141 46.1023
      vertex 0.599691 33.3401 46.1023
      vertex 1.31704 33.6372 46.7805
    endloop
  endfacet
  facet normal -0.563391 0.432324 0.70405
    outer loop
      vertex 1.31704 33.6372 46.7805
      vertex 0.938808 33.1443 46.7805
      vertex 1.41839 32.8674 47.3343
    endloop
  endfacet
  facet normal -0.271788 0.656073 0.704059
    outer loop
      vertex 2.384 34.2532 46.7805
      vertex 1.80997 34.0154 46.7805
      vertex 2.08686 33.5358 47.3343
    endloop
  endfacet
  facet normal -0.432279 0.563415 0.704058
    outer loop
      vertex 1.80997 34.0154 46.7805
      vertex 1.31704 33.6372 46.7805
      vertex 2.08686 33.5358 47.3343
    endloop
  endfacet
  facet normal -0.0656571 0.49896 0.864134
    outer loop
      vertex 3 33.7805 47.3343
      vertex 2.70286 33.0632 47.7259
      vertex 3 33.1023 47.7259
    endloop
  endfacet
  facet normal -0.11328 0.860428 0.496821
    outer loop
      vertex 3 34.7259 46.1023
      vertex 2.384 34.2532 46.7805
      vertex 3 34.3343 46.7805
    endloop
  endfacet
  facet normal -0.0926939 0.704062 0.704062
    outer loop
      vertex 3 34.3343 46.7805
      vertex 2.384 34.2532 46.7805
      vertex 3 33.7805 47.3343
    endloop
  endfacet
  facet normal 0 0.866003 0.500039
    outer loop
      vertex 112 34.7259 46.1023
      vertex 3 34.3343 46.7805
      vertex 112 34.3343 46.7805
    endloop
  endfacet
  facet normal 0 0.866003 0.500039
    outer loop
      vertex 3 34.3343 46.7805
      vertex 112 34.7259 46.1023
      vertex 3 34.7259 46.1023
    endloop
  endfacet
  facet normal -0.379834 0.917124 0.120876
    outer loop
      vertex 2.23019 34.873 44.9983
      vertex 1.51283 34.5301 45.3458
      vertex 2.23019 34.8272 45.3458
    endloop
  endfacet
  facet normal -0.379955 0.917108 0.12061
    outer loop
      vertex 1.51283 34.5301 45.3458
      vertex 2.23019 34.873 44.9983
      vertex 1.51283 34.5758 44.9983
    endloop
  endfacet
  facet normal 0 0.130634 0.991431
    outer loop
      vertex 100 32.3458 47.9286
      vertex 15.0001 32.2312 47.9437
      vertex 99.9999 32.2312 47.9437
    endloop
  endfacet
  facet normal 0 0.130634 0.991431
    outer loop
      vertex 15.0001 32.2312 47.9437
      vertex 100 32.3458 47.9286
      vertex 15 32.3458 47.9286
    endloop
  endfacet
  facet normal 0.0340618 0.258665 0.965366
    outer loop
      vertex 112 33.1023 47.7259
      vertex 112 32.3458 47.9286
      vertex 112.101 32.3325 47.9286
    endloop
  endfacet
  facet normal 0.656256 0.271143 0.704138
    outer loop
      vertex 114.299 32.5702 46.7805
      vertex 113.582 32.8674 47.3343
      vertex 113.764 32.4269 47.3343
    endloop
  endfacet
  facet normal 0.688701 0.528157 0.496731
    outer loop
      vertex 114.4 33.3401 46.1023
      vertex 113.683 33.6372 46.7805
      vertex 114.061 33.1443 46.7805
    endloop
  endfacet
  facet normal 0.369981 0.892885 0.256654
    outer loop
      vertex 113.487 34.5301 45.3458
      vertex 112.77 34.8272 45.3458
      vertex 113.386 34.3545 46.1023
    endloop
  endfacet
  facet normal 0.465137 0.192179 0.864127
    outer loop
      vertex 113.582 32.8674 47.3343
      vertex 113.109 32.2514 47.7259
      vertex 113.764 32.4269 47.3343
    endloop
  endfacet
  facet normal -0.206993 0.158831 0.965363
    outer loop
      vertex 2.72311 32.2311 47.9286
      vertex 2.18821 32.766 47.7259
      vertex 2.66088 32.15 47.9286
    endloop
  endfacet
  facet normal -0.801817 0.33208 0.496802
    outer loop
      vertex 0.938808 33.1443 46.7805
      vertex 0.599691 33.3401 46.1023
      vertex 0.701039 32.5702 46.7805
    endloop
  endfacet
  facet normal -0.892913 0.369838 0.25676
    outer loop
      vertex 0.599691 33.3401 46.1023
      vertex 0.127014 32.7241 45.3458
      vertex 0.322803 32.6716 46.1023
    endloop
  endfacet
  facet normal -0.464945 0.192577 0.864141
    outer loop
      vertex 2.00576 32.5283 47.7259
      vertex 1.41839 32.8674 47.3343
      vertex 1.89107 32.2514 47.7259
    endloop
  endfacet
  facet normal -0.192641 0.464934 0.864133
    outer loop
      vertex 2.52732 33.7183 47.3343
      vertex 2.08686 33.5358 47.3343
      vertex 2.70286 33.0632 47.7259
    endloop
  endfacet
  facet normal -0.0656583 0.498961 0.864134
    outer loop
      vertex 3 33.7805 47.3343
      vertex 2.52732 33.7183 47.3343
      vertex 2.70286 33.0632 47.7259
    endloop
  endfacet
  facet normal 0.306566 0.399317 0.864039
    outer loop
      vertex 112.913 33.5358 47.3343
      vertex 112.812 32.766 47.7259
      vertex 113.291 33.2456 47.3343
    endloop
  endfacet
  facet normal 0.332153 0.801747 0.496866
    outer loop
      vertex 113.386 34.3545 46.1023
      vertex 112.616 34.2532 46.7805
      vertex 113.19 34.0154 46.7805
    endloop
  endfacet
  facet normal 0.271789 0.656043 0.704087
    outer loop
      vertex 113.19 34.0154 46.7805
      vertex 112.616 34.2532 46.7805
      vertex 112.913 33.5358 47.3343
    endloop
  endfacet
  facet normal -0.58838 0.766749 0.256719
    outer loop
      vertex 1.51283 34.5301 45.3458
      vertex 0.896829 34.0574 45.3458
      vertex 1.04016 33.9141 46.1023
    endloop
  endfacet
  facet normal -0.588295 0.766787 0.256803
    outer loop
      vertex 1.51283 34.5301 45.3458
      vertex 1.04016 33.9141 46.1023
      vertex 1.61418 34.3545 46.1023
    endloop
  endfacet
  facet normal 0.331936 0.801969 0.496653
    outer loop
      vertex 112.717 34.6314 46.1023
      vertex 112.616 34.2532 46.7805
      vertex 113.386 34.3545 46.1023
    endloop
  endfacet
  facet normal 0.11328 0.860428 0.496821
    outer loop
      vertex 112 34.7259 46.1023
      vertex 112 34.3343 46.7805
      vertex 112.616 34.2532 46.7805
    endloop
  endfacet
  facet normal -0.790809 0.606815 0.0799774
    outer loop
      vertex 0.424151 33.4872 44.9983
      vertex 0.896829 34.0574 45.3458
      vertex 0.896829 34.1032 44.9983
    endloop
  endfacet
  facet normal -0.790809 0.606815 0.0799774
    outer loop
      vertex 0.896829 34.0574 45.3458
      vertex 0.424151 33.4872 44.9983
      vertex 0.424151 33.4414 45.3458
    endloop
  endfacet
  facet normal -0.958213 0.126137 0.256743
    outer loop
      vertex 0.127014 32.7241 45.3458
      vertex 0.0256662 31.9542 45.3458
      vertex 0.228362 31.9542 46.1023
    endloop
  endfacet
  facet normal -0.464954 0.192568 0.864138
    outer loop
      vertex 1.41839 32.8674 47.3343
      vertex 1.23595 32.4269 47.3343
      vertex 1.89107 32.2514 47.7259
    endloop
  endfacet
  facet normal -0.656109 0.271734 0.704047
    outer loop
      vertex 0.938808 33.1443 46.7805
      vertex 0.701039 32.5702 46.7805
      vertex 1.41839 32.8674 47.3343
    endloop
  endfacet
  facet normal -0.399216 0.306424 0.864136
    outer loop
      vertex 2.18821 32.766 47.7259
      vertex 1.41839 32.8674 47.3343
      vertex 2.00576 32.5283 47.7259
    endloop
  endfacet
  facet normal 0.0656879 0.498959 0.864132
    outer loop
      vertex 112 33.7805 47.3343
      vertex 112 33.1023 47.7259
      vertex 112.297 33.0632 47.7259
    endloop
  endfacet
  facet normal 0 0.258815 0.965927
    outer loop
      vertex 112 33.1023 47.7259
      vertex 100 32.3458 47.9286
      vertex 112 32.3458 47.9286
    endloop
  endfacet
  facet normal 0 0.258815 0.965927
    outer loop
      vertex 112 33.1023 47.7259
      vertex 15 32.3458 47.9286
      vertex 100 32.3458 47.9286
    endloop
  endfacet
  facet normal -0 0.258815 0.965927
    outer loop
      vertex 3 33.1023 47.7259
      vertex 15 32.3458 47.9286
      vertex 112 33.1023 47.7259
    endloop
  endfacet
  facet normal 0 0.258815 0.965927
    outer loop
      vertex 15 32.3458 47.9286
      vertex 3 33.1023 47.7259
      vertex 3 32.3458 47.9286
    endloop
  endfacet
  facet normal -0.0998536 0.241041 0.965364
    outer loop
      vertex 2.70286 33.0632 47.7259
      vertex 2.42598 32.9485 47.7259
      vertex 2.89865 32.3325 47.9286
    endloop
  endfacet
  facet normal -0.30633 0.399264 0.864147
    outer loop
      vertex 2.08686 33.5358 47.3343
      vertex 1.70862 33.2456 47.3343
      vertex 2.18821 32.766 47.7259
    endloop
  endfacet
  facet normal 0.399312 0.305742 0.864333
    outer loop
      vertex 113.582 32.8674 47.3343
      vertex 112.812 32.766 47.7259
      vertex 112.994 32.5283 47.7259
    endloop
  endfacet
  facet normal 0.380009 0.917086 0.120607
    outer loop
      vertex 113.487 34.5758 44.9983
      vertex 112.77 34.8272 45.3458
      vertex 113.487 34.5301 45.3458
    endloop
  endfacet
  facet normal 0.380106 0.917013 0.120861
    outer loop
      vertex 112.77 34.8272 45.3458
      vertex 113.487 34.5758 44.9983
      vertex 112.77 34.873 44.9983
    endloop
  endfacet
  facet normal 0.991357 0.130069 0.0171055
    outer loop
      vertex 114.873 32.7241 45.3458
      vertex 114.974 32 44.9983
      vertex 114.873 32.7698 44.9983
    endloop
  endfacet
  facet normal 0.991359 0.130052 0.0171407
    outer loop
      vertex 114.974 32 44.9983
      vertex 114.873 32.7241 45.3458
      vertex 114.974 31.9542 45.3458
    endloop
  endfacet
  facet normal 0.922779 0.382026 0.0503505
    outer loop
      vertex 114.576 33.4414 45.3458
      vertex 114.873 32.7698 44.9983
      vertex 114.576 33.4872 44.9983
    endloop
  endfacet
  facet normal 0.922765 0.382073 0.0502468
    outer loop
      vertex 114.873 32.7698 44.9983
      vertex 114.576 33.4414 45.3458
      vertex 114.873 32.7241 45.3458
    endloop
  endfacet
  facet normal 0.766631 0.588663 0.256423
    outer loop
      vertex 114.103 34.0574 45.3458
      vertex 113.96 33.9141 46.1023
      vertex 114.576 33.4414 45.3458
    endloop
  endfacet
  facet normal 0.0925938 0.70413 0.704008
    outer loop
      vertex 112.616 34.2532 46.7805
      vertex 112 33.7805 47.3343
      vertex 112.473 33.7183 47.3343
    endloop
  endfacet
  facet normal 0.272118 0.656065 0.70394
    outer loop
      vertex 112.616 34.2532 46.7805
      vertex 112.473 33.7183 47.3343
      vertex 112.913 33.5358 47.3343
    endloop
  endfacet
  facet normal -0.860438 0.113271 0.496807
    outer loop
      vertex 0.322803 32.6716 46.1023
      vertex 0.228362 31.9542 46.1023
      vertex 0.701039 32.5702 46.7805
    endloop
  endfacet
  facet normal -0.958211 0.126142 0.256748
    outer loop
      vertex 0.322803 32.6716 46.1023
      vertex 0.127014 32.7241 45.3458
      vertex 0.228362 31.9542 46.1023
    endloop
  endfacet
  facet normal -0.39923 0.306368 0.864149
    outer loop
      vertex 1.70862 33.2456 47.3343
      vertex 1.41839 32.8674 47.3343
      vertex 2.18821 32.766 47.7259
    endloop
  endfacet
  facet normal -0.563374 0.432332 0.704058
    outer loop
      vertex 1.70862 33.2456 47.3343
      vertex 1.31704 33.6372 46.7805
      vertex 1.41839 32.8674 47.3343
    endloop
  endfacet
  facet normal -0 0.500039 0.866003
    outer loop
      vertex 3 33.7805 47.3343
      vertex 112 33.1023 47.7259
      vertex 112 33.7805 47.3343
    endloop
  endfacet
  facet normal 0 0.500039 0.866003
    outer loop
      vertex 112 33.1023 47.7259
      vertex 3 33.7805 47.3343
      vertex 3 33.1023 47.7259
    endloop
  endfacet
  facet normal 0.801865 0.332261 0.496603
    outer loop
      vertex 114.4 33.3401 46.1023
      vertex 114.299 32.5702 46.7805
      vertex 114.677 32.6716 46.1023
    endloop
  endfacet
  facet normal 0.958482 0.125739 0.255933
    outer loop
      vertex 114.873 32.7241 45.3458
      vertex 114.772 31.9542 46.1023
      vertex 114.974 31.9542 45.3458
    endloop
  endfacet
  facet normal 0.68875 0.527962 0.496869
    outer loop
      vertex 113.96 33.9141 46.1023
      vertex 113.683 33.6372 46.7805
      vertex 114.4 33.3401 46.1023
    endloop
  endfacet
  facet normal 0.605482 0.789035 0.103994
    outer loop
      vertex 114.103 34.1032 44.9983
      vertex 113.487 34.5301 45.3458
      vertex 114.103 34.0574 45.3458
    endloop
  endfacet
  facet normal 0.605415 0.789115 0.103777
    outer loop
      vertex 113.487 34.5301 45.3458
      vertex 114.103 34.1032 44.9983
      vertex 113.487 34.5758 44.9983
    endloop
  endfacet
  facet normal -0.0340387 0.258676 0.965364
    outer loop
      vertex 3 33.1023 47.7259
      vertex 2.70286 33.0632 47.7259
      vertex 2.89865 32.3325 47.9286
    endloop
  endfacet
  facet normal 0.528263 0.688517 0.496873
    outer loop
      vertex 113.96 33.9141 46.1023
      vertex 113.386 34.3545 46.1023
      vertex 113.683 33.6372 46.7805
    endloop
  endfacet
  facet normal 0.790607 0.607073 0.0800114
    outer loop
      vertex 114.103 34.0574 45.3458
      vertex 114.576 33.4872 44.9983
      vertex 114.103 34.1032 44.9983
    endloop
  endfacet
  facet normal 0.790607 0.607073 0.0800114
    outer loop
      vertex 114.576 33.4872 44.9983
      vertex 114.103 34.0574 45.3458
      vertex 114.576 33.4414 45.3458
    endloop
  endfacet
  facet normal 0.528201 0.688533 0.496917
    outer loop
      vertex 113.386 34.3545 46.1023
      vertex 113.19 34.0154 46.7805
      vertex 113.683 33.6372 46.7805
    endloop
  endfacet
  facet normal 0.432213 0.563408 0.704105
    outer loop
      vertex 113.19 34.0154 46.7805
      vertex 112.913 33.5358 47.3343
      vertex 113.683 33.6372 46.7805
    endloop
  endfacet
  facet normal 0.892804 0.369943 0.256988
    outer loop
      vertex 114.873 32.7241 45.3458
      vertex 114.4 33.3401 46.1023
      vertex 114.677 32.6716 46.1023
    endloop
  endfacet
  facet normal 0.892844 0.369684 0.257223
    outer loop
      vertex 114.576 33.4414 45.3458
      vertex 114.4 33.3401 46.1023
      vertex 114.873 32.7241 45.3458
    endloop
  endfacet
  facet normal -0.991299 0.130509 0.0171634
    outer loop
      vertex 0.0256662 32 44.9983
      vertex 0.127014 32.7241 45.3458
      vertex 0.127014 32.7698 44.9983
    endloop
  endfacet
  facet normal -0.9913 0.130492 0.0171987
    outer loop
      vertex 0.127014 32.7241 45.3458
      vertex 0.0256662 32 44.9983
      vertex 0.0256662 31.9542 45.3458
    endloop
  endfacet
  facet normal -0.656109 0.271738 0.704045
    outer loop
      vertex 1.41839 32.8674 47.3343
      vertex 0.701039 32.5702 46.7805
      vertex 1.23595 32.4269 47.3343
    endloop
  endfacet
  facet normal 0.958042 0.126866 0.257021
    outer loop
      vertex 114.873 32.7241 45.3458
      vertex 114.677 32.6716 46.1023
      vertex 114.772 31.9542 46.1023
    endloop
  endfacet
  facet normal -0.206961 0.158856 0.965366
    outer loop
      vertex 2.18821 32.766 47.7259
      vertex 2.00576 32.5283 47.7259
      vertex 2.66088 32.15 47.9286
    endloop
  endfacet
  facet normal -0.192614 0.464961 0.864124
    outer loop
      vertex 2.70286 33.0632 47.7259
      vertex 2.08686 33.5358 47.3343
      vertex 2.42598 32.9485 47.7259
    endloop
  endfacet
  facet normal -0.306434 0.399238 0.864122
    outer loop
      vertex 2.42598 32.9485 47.7259
      vertex 2.08686 33.5358 47.3343
      vertex 2.18821 32.766 47.7259
    endloop
  endfacet
  facet normal 0.207145 0.158605 0.965368
    outer loop
      vertex 112.812 32.766 47.7259
      vertex 112.339 32.15 47.9286
      vertex 112.994 32.5283 47.7259
    endloop
  endfacet
  facet normal 0.306259 0.399395 0.864112
    outer loop
      vertex 112.913 33.5358 47.3343
      vertex 112.574 32.9485 47.7259
      vertex 112.812 32.766 47.7259
    endloop
  endfacet
  facet normal 0.801749 0.332375 0.496715
    outer loop
      vertex 114.4 33.3401 46.1023
      vertex 114.061 33.1443 46.7805
      vertex 114.299 32.5702 46.7805
    endloop
  endfacet
  facet normal 0.398995 0.307 0.864034
    outer loop
      vertex 113.291 33.2456 47.3343
      vertex 112.812 32.766 47.7259
      vertex 113.582 32.8674 47.3343
    endloop
  endfacet
  facet normal 0.860457 0.113944 0.496619
    outer loop
      vertex 114.677 32.6716 46.1023
      vertex 114.299 32.5702 46.7805
      vertex 114.772 31.9542 46.1023
    endloop
  endfacet
  facet normal -0.0998094 0.241074 0.965361
    outer loop
      vertex 2.89865 32.3325 47.9286
      vertex 2.42598 32.9485 47.7259
      vertex 2.80421 32.2934 47.9286
    endloop
  endfacet
  facet normal -0.158865 0.206978 0.965361
    outer loop
      vertex 2.42598 32.9485 47.7259
      vertex 2.18821 32.766 47.7259
      vertex 2.80421 32.2934 47.9286
    endloop
  endfacet
  facet normal 0.0998048 0.241028 0.965373
    outer loop
      vertex 112.297 33.0632 47.7259
      vertex 112.101 32.3325 47.9286
      vertex 112.574 32.9485 47.7259
    endloop
  endfacet
  facet normal 0.034053 0.258664 0.965367
    outer loop
      vertex 112.297 33.0632 47.7259
      vertex 112 33.1023 47.7259
      vertex 112.101 32.3325 47.9286
    endloop
  endfacet
  facet normal 0.464417 0.192878 0.864358
    outer loop
      vertex 113.582 32.8674 47.3343
      vertex 112.994 32.5283 47.7259
      vertex 113.109 32.2514 47.7259
    endloop
  endfacet
  facet normal 0.099343 0.24137 0.965335
    outer loop
      vertex 112.574 32.9485 47.7259
      vertex 112.101 32.3325 47.9286
      vertex 112.196 32.2934 47.9286
    endloop
  endfacet
  facet normal 0.562605 0.432887 0.704333
    outer loop
      vertex 113.683 33.6372 46.7805
      vertex 113.291 33.2456 47.3343
      vertex 113.582 32.8674 47.3343
    endloop
  endfacet
  facet normal 0.432341 0.563146 0.704236
    outer loop
      vertex 113.683 33.6372 46.7805
      vertex 112.913 33.5358 47.3343
      vertex 113.291 33.2456 47.3343
    endloop
  endfacet
  facet normal 0.563743 0.432329 0.703765
    outer loop
      vertex 113.683 33.6372 46.7805
      vertex 113.582 32.8674 47.3343
      vertex 114.061 33.1443 46.7805
    endloop
  endfacet
  facet normal 0.656319 0.272085 0.703715
    outer loop
      vertex 114.061 33.1443 46.7805
      vertex 113.582 32.8674 47.3343
      vertex 114.299 32.5702 46.7805
    endloop
  endfacet
  facet normal 0.860225 0.113114 0.497211
    outer loop
      vertex 114.772 31.9542 46.1023
      vertex 114.299 32.5702 46.7805
      vertex 114.38 31.9542 46.7805
    endloop
  endfacet
  facet normal 0.207302 0.15848 0.965355
    outer loop
      vertex 112.812 32.766 47.7259
      vertex 112.277 32.2311 47.9286
      vertex 112.339 32.15 47.9286
    endloop
  endfacet
  facet normal 0.159032 0.206768 0.965379
    outer loop
      vertex 112.812 32.766 47.7259
      vertex 112.196 32.2934 47.9286
      vertex 112.277 32.2311 47.9286
    endloop
  endfacet
  facet normal 0.158787 0.207076 0.965353
    outer loop
      vertex 112.574 32.9485 47.7259
      vertex 112.196 32.2934 47.9286
      vertex 112.812 32.766 47.7259
    endloop
  endfacet
  facet normal 0 -0.997853 0.0654873
    outer loop
      vertex 17.9743 25 16
      vertex 97.0257 25.0257 16.3916
      vertex 17.9743 25.0257 16.3916
    endloop
  endfacet
  facet normal 0 -0.997853 0.0654873
    outer loop
      vertex 97.0257 25.0257 16.3916
      vertex 17.9743 25 16
      vertex 97.0257 25 16
    endloop
  endfacet
  facet normal -0.704076 0.0926934 0.704049
    outer loop
      vertex 0.701039 32.2227 46.8263
      vertex 0.619941 31.6067 46.8263
      vertex 1.17372 31.6067 47.3801
    endloop
  endfacet
  facet normal 0.865813 -0 0.500367
    outer loop
      vertex 114.38 6.39333 46.8263
      vertex 114.772 31.6067 46.148
      vertex 114.38 31.6067 46.8263
    endloop
  endfacet
  facet normal 0.865813 0 0.500367
    outer loop
      vertex 114.772 31.6067 46.148
      vertex 114.38 6.39333 46.8263
      vertex 114.772 6.39333 46.148
    endloop
  endfacet
  facet normal -0.498847 0.0656846 0.864197
    outer loop
      vertex 1.89107 31.9038 47.7716
      vertex 1.17372 31.6067 47.3801
      vertex 1.85195 31.6067 47.7716
    endloop
  endfacet
  facet normal -0.241047 0.09984 0.965364
    outer loop
      vertex 2.00576 32.1807 47.7716
      vertex 1.89107 31.9038 47.7716
      vertex 2.62176 31.708 47.9743
    endloop
  endfacet
  facet normal -0.96592 0 0.258842
    outer loop
      vertex 0.0256662 6.39333 45.3916
      vertex 0.228362 31.6067 46.148
      vertex 0.0256662 31.6067 45.3916
    endloop
  endfacet
  facet normal -0.96592 0 0.258842
    outer loop
      vertex 0.228362 31.6067 46.148
      vertex 0.0256662 6.39333 45.3916
      vertex 0.228362 6.39333 46.148
    endloop
  endfacet
  facet normal 0.258809 0.0357682 0.965266
    outer loop
      vertex 113.148 31.6067 47.7716
      vertex 112.378 31.708 47.9743
      vertex 112.392 31.6067 47.9743
    endloop
  endfacet
  facet normal -0.70712 0 0.707093
    outer loop
      vertex 0.619941 6.39333 46.8263
      vertex 1.17372 31.6067 47.3801
      vertex 0.619941 31.6067 46.8263
    endloop
  endfacet
  facet normal -0.70712 0 0.707093
    outer loop
      vertex 1.17372 31.6067 47.3801
      vertex 0.619941 6.39333 46.8263
      vertex 1.17372 6.39333 47.3801
    endloop
  endfacet
  facet normal -0.866046 0 0.499964
    outer loop
      vertex 0.228362 6.39333 46.148
      vertex 0.619941 31.6067 46.8263
      vertex 0.228362 31.6067 46.148
    endloop
  endfacet
  facet normal -0.866046 0 0.499964
    outer loop
      vertex 0.619941 31.6067 46.8263
      vertex 0.228362 6.39333 46.148
      vertex 0.619941 6.39333 46.8263
    endloop
  endfacet
  facet normal -0.258674 0.0340603 0.965364
    outer loop
      vertex 1.89107 31.9038 47.7716
      vertex 1.85195 31.6067 47.7716
      vertex 2.62176 31.708 47.9743
    endloop
  endfacet
  facet normal 0.258974 0 0.965884
    outer loop
      vertex 112.392 31.6067 47.9743
      vertex 113.148 6.39333 47.7716
      vertex 113.148 31.6067 47.7716
    endloop
  endfacet
  facet normal 0.258974 0 0.965884
    outer loop
      vertex 113.148 6.39333 47.7716
      vertex 112.392 31.6067 47.9743
      vertex 112.392 6.39333 47.9743
    endloop
  endfacet
  facet normal -0 0.130267 0.991479
    outer loop
      vertex 15.0001 32.2312 47.9437
      vertex 100 31.9983 47.9743
      vertex 99.9999 32.2312 47.9437
    endloop
  endfacet
  facet normal 0 0.130267 0.991479
    outer loop
      vertex 100 31.9983 47.9743
      vertex 15.0001 32.2312 47.9437
      vertex 15 31.9983 47.9743
    endloop
  endfacet
  facet normal -0.258674 0.0340643 0.965364
    outer loop
      vertex 2.62176 31.708 47.9743
      vertex 1.85195 31.6067 47.7716
      vertex 2.60842 31.6067 47.9743
    endloop
  endfacet
  facet normal 0.966142 -0 0.258012
    outer loop
      vertex 114.772 6.39333 46.148
      vertex 114.974 31.6067 45.3916
      vertex 114.772 31.6067 46.148
    endloop
  endfacet
  facet normal 0.966142 0 0.258012
    outer loop
      vertex 114.974 31.6067 45.3916
      vertex 114.772 6.39333 46.148
      vertex 114.974 6.39333 45.3916
    endloop
  endfacet
  facet normal -0.258824 0 0.965924
    outer loop
      vertex 1.85195 31.6067 47.7716
      vertex 2.60842 6.39333 47.9743
      vertex 2.60842 31.6067 47.9743
    endloop
  endfacet
  facet normal -0.258824 0 0.965924
    outer loop
      vertex 2.60842 6.39333 47.9743
      vertex 1.85195 31.6067 47.7716
      vertex 1.85195 6.39333 47.7716
    endloop
  endfacet
  facet normal -0.241078 0.0997985 0.965361
    outer loop
      vertex 2.66088 31.8025 47.9743
      vertex 2.00576 32.1807 47.7716
      vertex 2.62176 31.708 47.9743
    endloop
  endfacet
  facet normal -0.704066 0.0927084 0.704057
    outer loop
      vertex 1.23595 32.0793 47.3801
      vertex 0.701039 32.2227 46.8263
      vertex 1.17372 31.6067 47.3801
    endloop
  endfacet
  facet normal 0.704076 0.0923671 0.704092
    outer loop
      vertex 114.299 32.2227 46.8263
      vertex 113.764 32.0793 47.3801
      vertex 113.826 31.6067 47.3801
    endloop
  endfacet
  facet normal -0.499927 0 0.866068
    outer loop
      vertex 1.17372 31.6067 47.3801
      vertex 1.85195 6.39333 47.7716
      vertex 1.85195 31.6067 47.7716
    endloop
  endfacet
  facet normal -0.499927 0 0.866068
    outer loop
      vertex 1.85195 6.39333 47.7716
      vertex 1.17372 31.6067 47.3801
      vertex 1.17372 6.39333 47.3801
    endloop
  endfacet
  facet normal 0 0 1
    outer loop
      vertex 100 31.9983 47.9743
      vertex 70.4761 14.1447 47.9743
      vertex 70.4952 14 47.9743
    endloop
  endfacet
  facet normal 0 0 1
    outer loop
      vertex 100 31.9983 47.9743
      vertex 70.3931 14.7752 47.9743
      vertex 70.4761 14.1447 47.9743
    endloop
  endfacet
  facet normal 0 0 1
    outer loop
      vertex 100 31.9983 47.9743
      vertex 70.1497 15.3627 47.9743
      vertex 70.3931 14.7752 47.9743
    endloop
  endfacet
  facet normal 0 0 1
    outer loop
      vertex 100 31.9983 47.9743
      vertex 70.0939 15.4976 47.9743
      vertex 70.1497 15.3627 47.9743
    endloop
  endfacet
  facet normal 0 0 1
    outer loop
      vertex 100 31.9983 47.9743
      vertex 70.0051 15.6134 47.9743
      vertex 70.0939 15.4976 47.9743
    endloop
  endfacet
  facet normal 0 0 1
    outer loop
      vertex 100 31.9983 47.9743
      vertex 69.6179 16.1179 47.9743
      vertex 70.0051 15.6134 47.9743
    endloop
  endfacet
  facet normal 0 0 1
    outer loop
      vertex 100 31.9983 47.9743
      vertex 69.1134 16.505 47.9743
      vertex 69.6179 16.1179 47.9743
    endloop
  endfacet
  facet normal 0 0 1
    outer loop
      vertex 100 31.9983 47.9743
      vertex 68.9976 16.5939 47.9743
      vertex 69.1134 16.505 47.9743
    endloop
  endfacet
  facet normal 0 0 1
    outer loop
      vertex 100 31.9983 47.9743
      vertex 68.8627 16.6497 47.9743
      vertex 68.9976 16.5939 47.9743
    endloop
  endfacet
  facet normal 0 0 1
    outer loop
      vertex 100 31.9983 47.9743
      vertex 68.2752 16.8931 47.9743
      vertex 68.8627 16.6497 47.9743
    endloop
  endfacet
  facet normal 0 0 1
    outer loop
      vertex 100 31.9983 47.9743
      vertex 67.6447 16.9761 47.9743
      vertex 68.2752 16.8931 47.9743
    endloop
  endfacet
  facet normal 0 0 1
    outer loop
      vertex 100 31.9983 47.9743
      vertex 67.5 16.9952 47.9743
      vertex 67.6447 16.9761 47.9743
    endloop
  endfacet
  facet normal 0 0 1
    outer loop
      vertex 100 31.9983 47.9743
      vertex 47.5 16.9952 47.9743
      vertex 67.5 16.9952 47.9743
    endloop
  endfacet
  facet normal -0 0 1
    outer loop
      vertex 15 31.9983 47.9743
      vertex 47.5 16.9952 47.9743
      vertex 100 31.9983 47.9743
    endloop
  endfacet
  facet normal 0 0 1
    outer loop
      vertex 47.5 16.9952 47.9743
      vertex 15 31.9983 47.9743
      vertex 47.3553 16.9761 47.9743
    endloop
  endfacet
  facet normal 0 0 1
    outer loop
      vertex 15 31.9983 47.9743
      vertex 46.1373 16.6497 47.9743
      vertex 46.7248 16.8931 47.9743
    endloop
  endfacet
  facet normal 0 0 1
    outer loop
      vertex 15 31.9983 47.9743
      vertex 44.8503 15.3627 47.9743
      vertex 44.9061 15.4976 47.9743
    endloop
  endfacet
  facet normal 0 0 1
    outer loop
      vertex 47.3553 16.9761 47.9743
      vertex 15 31.9983 47.9743
      vertex 46.7248 16.8931 47.9743
    endloop
  endfacet
  facet normal 0 0 1
    outer loop
      vertex 46.1373 16.6497 47.9743
      vertex 15 31.9983 47.9743
      vertex 46.0024 16.5939 47.9743
    endloop
  endfacet
  facet normal 0 0 1
    outer loop
      vertex 15 31.9983 47.9743
      vertex 45.4979 16.2068 47.9743
      vertex 46.0024 16.5939 47.9743
    endloop
  endfacet
  facet normal 0 0 1
    outer loop
      vertex 15 31.9983 47.9743
      vertex 45.3821 16.1179 47.9743
      vertex 45.4979 16.2068 47.9743
    endloop
  endfacet
  facet normal 0 0 1
    outer loop
      vertex 15 31.9983 47.9743
      vertex 44.9949 15.6134 47.9743
      vertex 45.3821 16.1179 47.9743
    endloop
  endfacet
  facet normal 0 0 1
    outer loop
      vertex 15 31.9983 47.9743
      vertex 44.9061 15.4976 47.9743
      vertex 44.9949 15.6134 47.9743
    endloop
  endfacet
  facet normal 0 0 1
    outer loop
      vertex 44.8503 15.3627 47.9743
      vertex 15 31.9983 47.9743
      vertex 44.6069 14.7752 47.9743
    endloop
  endfacet
  facet normal 0 0 1
    outer loop
      vertex 15 31.9983 47.9743
      vertex 44.5878 14.6305 47.9743
      vertex 44.6069 14.7752 47.9743
    endloop
  endfacet
  facet normal 0 0 1
    outer loop
      vertex 15 31.9983 47.9743
      vertex 44.5048 14 47.9743
      vertex 44.5878 14.6305 47.9743
    endloop
  endfacet
  facet normal 0 0 1
    outer loop
      vertex 3 6.00175 47.9743
      vertex 44.5048 14 47.9743
      vertex 15 31.9983 47.9743
    endloop
  endfacet
  facet normal 0 0 1
    outer loop
      vertex 2.60842 31.6067 47.9743
      vertex 15 31.9983 47.9743
      vertex 3 31.9983 47.9743
    endloop
  endfacet
  facet normal 0 0 1
    outer loop
      vertex 44.5048 14 47.9743
      vertex 3 6.00175 47.9743
      vertex 44.5048 6.00175 47.9743
    endloop
  endfacet
  facet normal 0 0 1
    outer loop
      vertex 2.60842 31.6067 47.9743
      vertex 3 31.9983 47.9743
      vertex 2.89865 31.9849 47.9743
    endloop
  endfacet
  facet normal 0 0 1
    outer loop
      vertex 2.60842 6.39333 47.9743
      vertex 15 31.9983 47.9743
      vertex 2.60842 31.6067 47.9743
    endloop
  endfacet
  facet normal 0 0 1
    outer loop
      vertex 2.60842 31.6067 47.9743
      vertex 2.89865 31.9849 47.9743
      vertex 2.80421 31.9458 47.9743
    endloop
  endfacet
  facet normal 0 0 1
    outer loop
      vertex 15 31.9983 47.9743
      vertex 2.60842 6.39333 47.9743
      vertex 3 6.00175 47.9743
    endloop
  endfacet
  facet normal 0 0 1
    outer loop
      vertex 2.60842 31.6067 47.9743
      vertex 2.80421 31.9458 47.9743
      vertex 2.72311 31.8836 47.9743
    endloop
  endfacet
  facet normal 0 0 1
    outer loop
      vertex 3 6.00175 47.9743
      vertex 2.60842 6.39333 47.9743
      vertex 2.89865 6.01509 47.9743
    endloop
  endfacet
  facet normal 0 0 1
    outer loop
      vertex 2.60842 31.6067 47.9743
      vertex 2.72311 31.8836 47.9743
      vertex 2.66088 31.8025 47.9743
    endloop
  endfacet
  facet normal 0 0 1
    outer loop
      vertex 2.89865 6.01509 47.9743
      vertex 2.60842 6.39333 47.9743
      vertex 2.80421 6.05421 47.9743
    endloop
  endfacet
  facet normal 0 0 1
    outer loop
      vertex 2.60842 31.6067 47.9743
      vertex 2.66088 31.8025 47.9743
      vertex 2.62176 31.708 47.9743
    endloop
  endfacet
  facet normal 0 0 1
    outer loop
      vertex 2.80421 6.05421 47.9743
      vertex 2.60842 6.39333 47.9743
      vertex 2.72311 6.11644 47.9743
    endloop
  endfacet
  facet normal 0 0 1
    outer loop
      vertex 2.72311 6.11644 47.9743
      vertex 2.60842 6.39333 47.9743
      vertex 2.66088 6.19754 47.9743
    endloop
  endfacet
  facet normal 0 0 1
    outer loop
      vertex 2.66088 6.19754 47.9743
      vertex 2.60842 6.39333 47.9743
      vertex 2.62176 6.29198 47.9743
    endloop
  endfacet
  facet normal 0 0 1
    outer loop
      vertex 112 31.9983 47.9743
      vertex 112.392 31.6067 47.9743
      vertex 112.378 31.708 47.9743
    endloop
  endfacet
  facet normal 0 0 1
    outer loop
      vertex 112.392 31.6067 47.9743
      vertex 100 31.9983 47.9743
      vertex 112.392 6.39333 47.9743
    endloop
  endfacet
  facet normal 0 0 1
    outer loop
      vertex 112 31.9983 47.9743
      vertex 112.378 31.708 47.9743
      vertex 112.339 31.8025 47.9743
    endloop
  endfacet
  facet normal 0 -0 1
    outer loop
      vertex 112 6.00175 47.9743
      vertex 112.392 6.39333 47.9743
      vertex 100 31.9983 47.9743
    endloop
  endfacet
  facet normal 0 0 1
    outer loop
      vertex 112 31.9983 47.9743
      vertex 112.339 31.8025 47.9743
      vertex 112.277 31.8836 47.9743
    endloop
  endfacet
  facet normal 0 0 1
    outer loop
      vertex 112.392 31.6067 47.9743
      vertex 112 31.9983 47.9743
      vertex 100 31.9983 47.9743
    endloop
  endfacet
  facet normal 0 0 1
    outer loop
      vertex 112 31.9983 47.9743
      vertex 112.277 31.8836 47.9743
      vertex 112.196 31.9458 47.9743
    endloop
  endfacet
  facet normal 0 0 1
    outer loop
      vertex 112.392 6.39333 47.9743
      vertex 112 6.00175 47.9743
      vertex 112.378 6.29198 47.9743
    endloop
  endfacet
  facet normal 0 0 1
    outer loop
      vertex 112 31.9983 47.9743
      vertex 112.196 31.9458 47.9743
      vertex 112.101 31.9849 47.9743
    endloop
  endfacet
  facet normal 0 0 1
    outer loop
      vertex 112.339 6.19754 47.9743
      vertex 112 6.00175 47.9743
      vertex 112.277 6.11644 47.9743
    endloop
  endfacet
  facet normal 0 0 1
    outer loop
      vertex 112.277 6.11644 47.9743
      vertex 112 6.00175 47.9743
      vertex 112.196 6.05421 47.9743
    endloop
  endfacet
  facet normal 0 0 1
    outer loop
      vertex 112.196 6.05421 47.9743
      vertex 112 6.00175 47.9743
      vertex 112.101 6.01509 47.9743
    endloop
  endfacet
  facet normal 0 0 1
    outer loop
      vertex 112.378 6.29198 47.9743
      vertex 112 6.00175 47.9743
      vertex 112.339 6.19754 47.9743
    endloop
  endfacet
  facet normal -0 0 1
    outer loop
      vertex 70.4952 14 47.9743
      vertex 112 6.00175 47.9743
      vertex 100 31.9983 47.9743
    endloop
  endfacet
  facet normal 0 0 1
    outer loop
      vertex 112 6.00175 47.9743
      vertex 70.4952 14 47.9743
      vertex 70.4952 6.00175 47.9743
    endloop
  endfacet
  facet normal -0.498848 0.0656862 0.864197
    outer loop
      vertex 1.23595 32.0793 47.3801
      vertex 1.17372 31.6067 47.3801
      vertex 1.89107 31.9038 47.7716
    endloop
  endfacet
  facet normal 0.241251 0.0995641 0.965342
    outer loop
      vertex 112.994 32.1807 47.7716
      vertex 112.339 31.8025 47.9743
      vertex 112.378 31.708 47.9743
    endloop
  endfacet
  facet normal 0.49898 0.0655006 0.864134
    outer loop
      vertex 113.826 31.6067 47.3801
      vertex 113.109 31.9038 47.7716
      vertex 113.148 31.6067 47.7716
    endloop
  endfacet
  facet normal 0.240894 0.100046 0.965381
    outer loop
      vertex 112.994 32.1807 47.7716
      vertex 112.378 31.708 47.9743
      vertex 113.109 31.9038 47.7716
    endloop
  endfacet
  facet normal 0.500054 0 0.865994
    outer loop
      vertex 113.148 31.6067 47.7716
      vertex 113.826 6.39333 47.3801
      vertex 113.826 31.6067 47.3801
    endloop
  endfacet
  facet normal 0.500054 0 0.865994
    outer loop
      vertex 113.826 6.39333 47.3801
      vertex 113.148 31.6067 47.7716
      vertex 113.148 6.39333 47.7716
    endloop
  endfacet
  facet normal 0.258601 0.0339463 0.965388
    outer loop
      vertex 113.109 31.9038 47.7716
      vertex 112.378 31.708 47.9743
      vertex 113.148 31.6067 47.7716
    endloop
  endfacet
  facet normal 0.706979 -0 0.707234
    outer loop
      vertex 113.826 6.39333 47.3801
      vertex 114.38 31.6067 46.8263
      vertex 113.826 31.6067 47.3801
    endloop
  endfacet
  facet normal 0.706979 0 0.707234
    outer loop
      vertex 114.38 31.6067 46.8263
      vertex 113.826 6.39333 47.3801
      vertex 114.38 6.39333 46.8263
    endloop
  endfacet
  facet normal 0.498969 0.0654593 0.864144
    outer loop
      vertex 113.764 32.0793 47.3801
      vertex 113.109 31.9038 47.7716
      vertex 113.826 31.6067 47.3801
    endloop
  endfacet
  facet normal 0.703944 0.092564 0.704198
    outer loop
      vertex 114.299 32.2227 46.8263
      vertex 113.826 31.6067 47.3801
      vertex 114.38 31.6067 46.8263
    endloop
  endfacet
  facet normal -0.399248 -0.306359 0.864144
    outer loop
      vertex 2.00576 5.47174 47.7259
      vertex 1.41839 5.13262 47.3343
      vertex 2.18821 5.23397 47.7259
    endloop
  endfacet
  facet normal 0.95848 -0.125754 0.255933
    outer loop
      vertex 114.974 6.04576 45.3458
      vertex 114.772 6.04576 46.1023
      vertex 114.873 5.27595 45.3458
    endloop
  endfacet
  facet normal -0.206993 -0.158831 0.965363
    outer loop
      vertex 2.66088 5.84997 47.9286
      vertex 2.18821 5.23397 47.7259
      vertex 2.72311 5.76887 47.9286
    endloop
  endfacet
  facet normal -0.39925 -0.306351 0.864146
    outer loop
      vertex 2.18821 5.23397 47.7259
      vertex 1.41839 5.13262 47.3343
      vertex 1.70862 4.75438 47.3343
    endloop
  endfacet
  facet normal 0.688762 -0.527953 0.496862
    outer loop
      vertex 114.4 4.65994 46.1023
      vertex 113.683 4.36281 46.7805
      vertex 113.96 4.08592 46.1023
    endloop
  endfacet
  facet normal -0.965367 -0.0340841 0.258659
    outer loop
      vertex 0.228362 6.04576 46.1023
      vertex 0.0256662 6.39333 45.3916
      vertex 0.0256662 6.04576 45.3458
    endloop
  endfacet
  facet normal -0.965361 -0.0340139 0.258692
    outer loop
      vertex 0.0256662 6.39333 45.3916
      vertex 0.228362 6.04576 46.1023
      vertex 0.228362 6.39333 46.148
    endloop
  endfacet
  facet normal -0.0926941 -0.704076 0.704049
    outer loop
      vertex 2.52732 4.28171 47.3343
      vertex 2.384 3.7468 46.7805
      vertex 3 4.21948 47.3343
    endloop
  endfacet
  facet normal -0.766756 -0.588358 0.256747
    outer loop
      vertex 1.04016 4.08592 46.1023
      vertex 0.424151 4.55859 45.3458
      vertex 0.896829 3.94259 45.3458
    endloop
  endfacet
  facet normal -0.300209 -0.124349 0.945733
    outer loop
      vertex 1.89107 5.74862 47.7259
      vertex 2.00576 5.8193 47.7716
      vertex 1.89107 6.09619 47.7716
    endloop
  endfacet
  facet normal -0.300207 -0.124353 0.945734
    outer loop
      vertex 2.00576 5.8193 47.7716
      vertex 1.89107 5.74862 47.7259
      vertex 2.00576 5.47174 47.7259
    endloop
  endfacet
  facet normal 0 -0.130507 -0.991447
    outer loop
      vertex 17.9743 22 38
      vertex 97.0257 22.7764 37.8978
      vertex 97.0257 22 38
    endloop
  endfacet
  facet normal -0 -0.130507 -0.991447
    outer loop
      vertex 97.0257 22.7764 37.8978
      vertex 17.9743 22 38
      vertex 17.9743 22.7764 37.8978
    endloop
  endfacet
  facet normal 0.099797 -0.24103 0.965373
    outer loop
      vertex 112.574 5.05152 47.7259
      vertex 112.101 5.66753 47.9286
      vertex 112.297 4.93683 47.7259
    endloop
  endfacet
  facet normal -0.258675 -0.0340559 0.965364
    outer loop
      vertex 2.62176 6.29198 47.9743
      vertex 1.85195 6.39333 47.7716
      vertex 1.89107 6.09619 47.7716
    endloop
  endfacet
  facet normal -0.113282 -0.860439 0.496801
    outer loop
      vertex 3 3.6657 46.7805
      vertex 2.384 3.7468 46.7805
      vertex 3 3.27412 46.1023
    endloop
  endfacet
  facet normal 0.0656401 -0.498919 0.864159
    outer loop
      vertex 112.297 4.93683 47.7259
      vertex 112 4.21948 47.3343
      vertex 112.473 4.28171 47.3343
    endloop
  endfacet
  facet normal -0.588359 -0.766756 0.256747
    outer loop
      vertex 1.04016 4.08592 46.1023
      vertex 0.896829 3.94259 45.3458
      vertex 1.51283 3.46991 45.3458
    endloop
  endfacet
  facet normal 0.0341909 -0.258673 0.96536
    outer loop
      vertex 112 5.65418 47.9286
      vertex 112 4.89771 47.7259
      vertex 112.101 5.66753 47.9286
    endloop
  endfacet
  facet normal -0.379871 -0.917122 0.12077
    outer loop
      vertex 1.51283 3.42415 44.9983
      vertex 2.23019 3.17278 45.3458
      vertex 1.51283 3.46991 45.3458
    endloop
  endfacet
  facet normal -0.379881 -0.917114 0.120795
    outer loop
      vertex 2.23019 3.17278 45.3458
      vertex 1.51283 3.42415 44.9983
      vertex 2.23019 3.12701 44.9983
    endloop
  endfacet
  facet normal 0.158753 -0.207087 0.965356
    outer loop
      vertex 112.812 5.23397 47.7259
      vertex 112.196 5.70665 47.9286
      vertex 112.574 5.05152 47.7259
    endloop
  endfacet
  facet normal -0.464942 -0.19258 0.864142
    outer loop
      vertex 1.89107 5.74862 47.7259
      vertex 1.23595 5.57308 47.3343
      vertex 1.41839 5.13262 47.3343
    endloop
  endfacet
  facet normal -0.206991 -0.158832 0.965364
    outer loop
      vertex 2.66088 5.84997 47.9286
      vertex 2.00576 5.47174 47.7259
      vertex 2.18821 5.23397 47.7259
    endloop
  endfacet
  facet normal 0.0993808 -0.241339 0.965339
    outer loop
      vertex 112.196 5.70665 47.9286
      vertex 112.101 5.66753 47.9286
      vertex 112.574 5.05152 47.7259
    endloop
  endfacet
  facet normal -0.0926956 -0.704075 0.70405
    outer loop
      vertex 3 4.21948 47.3343
      vertex 2.384 3.7468 46.7805
      vertex 3 3.6657 46.7805
    endloop
  endfacet
  facet normal 0.498981 -0.0654918 0.864135
    outer loop
      vertex 113.148 6.39333 47.7716
      vertex 113.109 6.09619 47.7716
      vertex 113.826 6.39333 47.3801
    endloop
  endfacet
  facet normal -0.432313 -0.563408 0.704043
    outer loop
      vertex 1.70862 4.75438 47.3343
      vertex 1.31704 4.36281 46.7805
      vertex 2.08686 4.46415 47.3343
    endloop
  endfacet
  facet normal -0.432316 -0.563403 0.704046
    outer loop
      vertex 2.08686 4.46415 47.3343
      vertex 1.31704 4.36281 46.7805
      vertex 1.80997 3.98457 46.7805
    endloop
  endfacet
  facet normal -0.0171566 -0.130347 0.99132
    outer loop
      vertex 2.89865 5.66753 47.9286
      vertex 3 6.00175 47.9743
      vertex 2.89865 6.01509 47.9743
    endloop
  endfacet
  facet normal -0.017169 -0.130343 0.99132
    outer loop
      vertex 3 6.00175 47.9743
      vertex 2.89865 5.66753 47.9286
      vertex 3 5.65418 47.9286
    endloop
  endfacet
  facet normal -0.258674 -0.0340475 0.965364
    outer loop
      vertex 2.60842 6.39333 47.9743
      vertex 1.85195 6.39333 47.7716
      vertex 2.62176 6.29198 47.9743
    endloop
  endfacet
  facet normal -0.86044 -0.113279 0.496801
    outer loop
      vertex 0.619941 6.04576 46.7805
      vertex 0.228362 6.04576 46.1023
      vertex 0.701039 5.42976 46.7805
    endloop
  endfacet
  facet normal 0.766962 -0.587895 0.257196
    outer loop
      vertex 114.4 4.65994 46.1023
      vertex 113.96 4.08592 46.1023
      vertex 114.576 4.55859 45.3458
    endloop
  endfacet
  facet normal -0.158816 -0.207007 0.965363
    outer loop
      vertex 2.72311 5.76887 47.9286
      vertex 2.18821 5.23397 47.7259
      vertex 2.80421 5.70665 47.9286
    endloop
  endfacet
  facet normal -0.167492 -0.128521 0.97746
    outer loop
      vertex 2.66088 5.84997 47.9286
      vertex 2.72311 6.11644 47.9743
      vertex 2.66088 6.19754 47.9743
    endloop
  endfacet
  facet normal -0.167492 -0.128521 0.97746
    outer loop
      vertex 2.72311 6.11644 47.9743
      vertex 2.66088 5.84997 47.9286
      vertex 2.72311 5.76887 47.9286
    endloop
  endfacet
  facet normal 0.241218 -0.0996134 0.965345
    outer loop
      vertex 112.378 6.29198 47.9743
      vertex 112.339 6.19754 47.9743
      vertex 112.994 5.8193 47.7716
    endloop
  endfacet
  facet normal -0.766755 -0.588362 0.256744
    outer loop
      vertex 0.599691 4.65994 46.1023
      vertex 0.424151 4.55859 45.3458
      vertex 1.04016 4.08592 46.1023
    endloop
  endfacet
  facet normal 0.588399 -0.766806 0.256507
    outer loop
      vertex 113.96 4.08592 46.1023
      vertex 113.487 3.46991 45.3458
      vertex 114.103 3.94259 45.3458
    endloop
  endfacet
  facet normal 0.766626 -0.58866 0.256444
    outer loop
      vertex 114.576 4.55859 45.3458
      vertex 113.96 4.08592 46.1023
      vertex 114.103 3.94259 45.3458
    endloop
  endfacet
  facet normal -0.113278 -0.860438 0.496804
    outer loop
      vertex 2.384 3.7468 46.7805
      vertex 2.28265 3.36856 46.1023
      vertex 3 3.27412 46.1023
    endloop
  endfacet
  facet normal 0.965586 -0.0339051 0.257864
    outer loop
      vertex 114.772 6.04576 46.1023
      vertex 114.974 6.39333 45.3916
      vertex 114.772 6.39333 46.148
    endloop
  endfacet
  facet normal 0.965592 -0.033975 0.257832
    outer loop
      vertex 114.974 6.39333 45.3916
      vertex 114.772 6.04576 46.1023
      vertex 114.974 6.04576 45.3458
    endloop
  endfacet
  facet normal -0.126154 -0.958213 0.256735
    outer loop
      vertex 3 3.27412 46.1023
      vertex 2.23019 3.17278 45.3458
      vertex 3 3.07143 45.3458
    endloop
  endfacet
  facet normal -0.958212 -0.126151 0.256742
    outer loop
      vertex 0.228362 6.04576 46.1023
      vertex 0.0256662 6.04576 45.3458
      vertex 0.127014 5.27595 45.3458
    endloop
  endfacet
  facet normal 0.991357 -0.130067 0.0171277
    outer loop
      vertex 114.873 5.27595 45.3458
      vertex 114.974 6 44.9983
      vertex 114.974 6.04576 45.3458
    endloop
  endfacet
  facet normal 0.991357 -0.130067 0.0171277
    outer loop
      vertex 114.974 6 44.9983
      vertex 114.873 5.27595 45.3458
      vertex 114.873 5.23019 44.9983
    endloop
  endfacet
  facet normal 0.299473 -0.124379 0.945963
    outer loop
      vertex 112.994 5.8193 47.7716
      vertex 113.109 5.74862 47.7259
      vertex 113.109 6.09619 47.7716
    endloop
  endfacet
  facet normal 0.299471 -0.124383 0.945963
    outer loop
      vertex 113.109 5.74862 47.7259
      vertex 112.994 5.8193 47.7716
      vertex 112.994 5.47174 47.7259
    endloop
  endfacet
  facet normal -0.0539231 -0.130176 0.990023
    outer loop
      vertex 2.80421 5.70665 47.9286
      vertex 2.89865 6.01509 47.9743
      vertex 2.80421 6.05421 47.9743
    endloop
  endfacet
  facet normal -0.0539231 -0.130176 0.990023
    outer loop
      vertex 2.89865 6.01509 47.9743
      vertex 2.80421 5.70665 47.9286
      vertex 2.89865 5.66753 47.9286
    endloop
  endfacet
  facet normal -0.801804 -0.332115 0.4968
    outer loop
      vertex 0.701039 5.42976 46.7805
      vertex 0.599691 4.65994 46.1023
      vertex 0.938808 4.85573 46.7805
    endloop
  endfacet
  facet normal -0.737024 0.0828117 -0.670774
    outer loop
      vertex 44.7419 4.89771 47.7259
      vertex 44.9054 4.50201 47.4974
      vertex 44.8576 4.61767 47.5642
    endloop
  endfacet
  facet normal 0 -0.500023 0.866012
    outer loop
      vertex 3 4.21948 47.3343
      vertex 44.7419 4.89771 47.7259
      vertex 3 4.89771 47.7259
    endloop
  endfacet
  facet normal 1.01216e-06 -0.500069 0.865985
    outer loop
      vertex 44.7419 4.89771 47.7259
      vertex 3 4.21948 47.3343
      vertex 44.9054 4.50201 47.4974
    endloop
  endfacet
  facet normal 0 -0.499957 0.86605
    outer loop
      vertex 44.9054 4.50201 47.4974
      vertex 3 4.21948 47.3343
      vertex 45.1219 4.21948 47.3343
    endloop
  endfacet
  facet normal 0 -0.500023 0.866012
    outer loop
      vertex 70.2581 4.89771 47.7259
      vertex 112 4.21948 47.3343
      vertex 112 4.89771 47.7259
    endloop
  endfacet
  facet normal -4.50887e-07 -0.500044 0.866
    outer loop
      vertex 70.1424 4.61767 47.5642
      vertex 112 4.21948 47.3343
      vertex 70.2581 4.89771 47.7259
    endloop
  endfacet
  facet normal -1.57822e-06 -0.500132 0.865949
    outer loop
      vertex 70.0946 4.50201 47.4974
      vertex 112 4.21948 47.3343
      vertex 70.1424 4.61767 47.5642
    endloop
  endfacet
  facet normal 0 -0.499957 0.86605
    outer loop
      vertex 112 4.21948 47.3343
      vertex 70.0946 4.50201 47.4974
      vertex 69.8781 4.21948 47.3343
    endloop
  endfacet
  facet normal -0.034073 -0.258674 0.965364
    outer loop
      vertex 3 5.65418 47.9286
      vertex 2.89865 5.66753 47.9286
      vertex 3 4.89771 47.7259
    endloop
  endfacet
  facet normal 0.306587 -0.399304 0.864038
    outer loop
      vertex 113.291 4.75438 47.3343
      vertex 112.812 5.23397 47.7259
      vertex 112.913 4.46415 47.3343
    endloop
  endfacet
  facet normal 0 -0.866014 0.50002
    outer loop
      vertex 3 3.27412 46.1023
      vertex 45.6608 3.6657 46.7805
      vertex 3 3.6657 46.7805
    endloop
  endfacet
  facet normal 7.68593e-07 -0.866035 0.499984
    outer loop
      vertex 45.6608 3.6657 46.7805
      vertex 3 3.27412 46.1023
      vertex 46.001 3.40371 46.3267
    endloop
  endfacet
  facet normal -2.26273e-06 -0.865783 0.500419
    outer loop
      vertex 46.001 3.40371 46.3267
      vertex 3 3.27412 46.1023
      vertex 46.0567 3.38059 46.2867
    endloop
  endfacet
  facet normal 0 -0.866012 0.500023
    outer loop
      vertex 46.0567 3.38059 46.2867
      vertex 3 3.27412 46.1023
      vertex 46.3129 3.27412 46.1023
    endloop
  endfacet
  facet normal -3.50468e-07 -0.866023 0.500004
    outer loop
      vertex 112 3.27412 46.1023
      vertex 69.3392 3.6657 46.7805
      vertex 69.0511 3.44388 46.3963
    endloop
  endfacet
  facet normal -1.5324e-06 -0.866098 0.499874
    outer loop
      vertex 112 3.27412 46.1023
      vertex 69.0511 3.44388 46.3963
      vertex 68.999 3.40371 46.3267
    endloop
  endfacet
  facet normal 2.26273e-06 -0.865783 0.500419
    outer loop
      vertex 112 3.27412 46.1023
      vertex 68.999 3.40371 46.3267
      vertex 68.9433 3.38059 46.2867
    endloop
  endfacet
  facet normal 0 -0.866012 0.500023
    outer loop
      vertex 112 3.27412 46.1023
      vertex 68.9433 3.38059 46.2867
      vertex 68.6871 3.27412 46.1023
    endloop
  endfacet
  facet normal 0 -0.866014 0.50002
    outer loop
      vertex 69.3392 3.6657 46.7805
      vertex 112 3.27412 46.1023
      vertex 112 3.6657 46.7805
    endloop
  endfacet
  facet normal -0.12615 -0.958215 0.256731
    outer loop
      vertex 2.28265 3.36856 46.1023
      vertex 2.23019 3.17278 45.3458
      vertex 3 3.27412 46.1023
    endloop
  endfacet
  facet normal 0 -0.96593 0.258803
    outer loop
      vertex 3 3.07143 45.3458
      vertex 46.3129 3.27412 46.1023
      vertex 3 3.27412 46.1023
    endloop
  endfacet
  facet normal 1.36965e-07 -0.965932 0.258796
    outer loop
      vertex 46.3129 3.27412 46.1023
      vertex 3 3.07143 45.3458
      vertex 46.7237 3.10281 45.4629
    endloop
  endfacet
  facet normal -5.29308e-07 -0.96587 0.259028
    outer loop
      vertex 46.7237 3.10281 45.4629
      vertex 3 3.07143 45.3458
      vertex 46.7415 3.10045 45.4541
    endloop
  endfacet
  facet normal 0 -0.965923 0.258828
    outer loop
      vertex 46.7415 3.10045 45.4541
      vertex 3 3.07143 45.3458
      vertex 46.9606 3.07143 45.3458
    endloop
  endfacet
  facet normal -1.36965e-07 -0.965932 0.258796
    outer loop
      vertex 112 3.07143 45.3458
      vertex 68.6871 3.27412 46.1023
      vertex 68.2763 3.10281 45.4629
    endloop
  endfacet
  facet normal 5.29308e-07 -0.96587 0.259028
    outer loop
      vertex 112 3.07143 45.3458
      vertex 68.2763 3.10281 45.4629
      vertex 68.2585 3.10045 45.4541
    endloop
  endfacet
  facet normal 0 -0.965923 0.258828
    outer loop
      vertex 112 3.07143 45.3458
      vertex 68.2585 3.10045 45.4541
      vertex 68.0394 3.07143 45.3458
    endloop
  endfacet
  facet normal 0 -0.96593 0.258803
    outer loop
      vertex 68.6871 3.27412 46.1023
      vertex 112 3.07143 45.3458
      vertex 112 3.27412 46.1023
    endloop
  endfacet
  facet normal 0 -0.258824 0.965924
    outer loop
      vertex 70.4497 5.65418 47.9286
      vertex 112 4.89771 47.7259
      vertex 112 5.65418 47.9286
    endloop
  endfacet
  facet normal -9.80395e-07 -0.258875 0.965911
    outer loop
      vertex 70.3934 5.22472 47.8135
      vertex 112 4.89771 47.7259
      vertex 70.4497 5.65418 47.9286
    endloop
  endfacet
  facet normal 0 -0.258758 0.965942
    outer loop
      vertex 112 4.89771 47.7259
      vertex 70.3934 5.22472 47.8135
      vertex 70.2581 4.89771 47.7259
    endloop
  endfacet
  facet normal 1.99583e-06 -0.258927 0.965897
    outer loop
      vertex 3 4.89771 47.7259
      vertex 44.5885 5.36321 47.8506
      vertex 44.5503 5.65418 47.9286
    endloop
  endfacet
  facet normal 0 -0.258824 0.965924
    outer loop
      vertex 3 4.89771 47.7259
      vertex 44.5503 5.65418 47.9286
      vertex 3 5.65418 47.9286
    endloop
  endfacet
  facet normal 5.81103e-08 -0.258765 0.96594
    outer loop
      vertex 44.5885 5.36321 47.8506
      vertex 3 4.89771 47.7259
      vertex 44.6066 5.22472 47.8135
    endloop
  endfacet
  facet normal 0 -0.258758 0.965942
    outer loop
      vertex 44.6066 5.22472 47.8135
      vertex 3 4.89771 47.7259
      vertex 44.7419 4.89771 47.7259
    endloop
  endfacet
  facet normal -0.0656884 -0.498943 0.864142
    outer loop
      vertex 3 4.89771 47.7259
      vertex 2.70286 4.93683 47.7259
      vertex 3 4.21948 47.3343
    endloop
  endfacet
  facet normal 0.0926956 -0.704075 0.70405
    outer loop
      vertex 112 4.21948 47.3343
      vertex 112 3.6657 46.7805
      vertex 112.616 3.7468 46.7805
    endloop
  endfacet
  facet normal 0.80187 -0.332278 0.496584
    outer loop
      vertex 114.677 5.32841 46.1023
      vertex 114.299 5.42976 46.7805
      vertex 114.4 4.65994 46.1023
    endloop
  endfacet
  facet normal -0.801803 -0.332116 0.496801
    outer loop
      vertex 0.701039 5.42976 46.7805
      vertex 0.322803 5.32841 46.1023
      vertex 0.599691 4.65994 46.1023
    endloop
  endfacet
  facet normal -0.86044 -0.113279 0.496801
    outer loop
      vertex 0.701039 5.42976 46.7805
      vertex 0.228362 6.04576 46.1023
      vertex 0.322803 5.32841 46.1023
    endloop
  endfacet
  facet normal 0.922773 -0.382045 0.050309
    outer loop
      vertex 114.576 4.55859 45.3458
      vertex 114.873 5.23019 44.9983
      vertex 114.873 5.27595 45.3458
    endloop
  endfacet
  facet normal 0.922773 -0.382045 0.050309
    outer loop
      vertex 114.873 5.23019 44.9983
      vertex 114.576 4.55859 45.3458
      vertex 114.576 4.51283 44.9983
    endloop
  endfacet
  facet normal 0.605472 -0.789055 0.103905
    outer loop
      vertex 113.487 3.42415 44.9983
      vertex 114.103 3.94259 45.3458
      vertex 113.487 3.46991 45.3458
    endloop
  endfacet
  facet normal 0.605472 -0.789055 0.103905
    outer loop
      vertex 114.103 3.94259 45.3458
      vertex 113.487 3.42415 44.9983
      vertex 114.103 3.89683 44.9983
    endloop
  endfacet
  facet normal -0.498847 -0.065675 0.864198
    outer loop
      vertex 1.89107 6.09619 47.7716
      vertex 1.17372 6.39333 47.3801
      vertex 1.23595 5.92065 47.3801
    endloop
  endfacet
  facet normal -0.225538 -0.127003 0.965921
    outer loop
      vertex 2.00576 5.8193 47.7716
      vertex 2.66088 5.84997 47.9286
      vertex 2.66088 6.19754 47.9743
    endloop
  endfacet
  facet normal -0.225538 -0.127007 0.96592
    outer loop
      vertex 2.66088 5.84997 47.9286
      vertex 2.00576 5.8193 47.7716
      vertex 2.00576 5.47174 47.7259
    endloop
  endfacet
  facet normal -0.369858 -0.892913 0.256731
    outer loop
      vertex 2.28265 3.36856 46.1023
      vertex 1.61418 3.64545 46.1023
      vertex 2.23019 3.17278 45.3458
    endloop
  endfacet
  facet normal -0.271764 -0.656098 0.704045
    outer loop
      vertex 2.08686 4.46415 47.3343
      vertex 1.80997 3.98457 46.7805
      vertex 2.384 3.7468 46.7805
    endloop
  endfacet
  facet normal -0.688521 -0.52833 0.496796
    outer loop
      vertex 1.31704 4.36281 46.7805
      vertex 0.599691 4.65994 46.1023
      vertex 1.04016 4.08592 46.1023
    endloop
  endfacet
  facet normal -0.0340555 -0.258672 0.965365
    outer loop
      vertex 2.89865 5.66753 47.9286
      vertex 2.70286 4.93683 47.7259
      vertex 3 4.89771 47.7259
    endloop
  endfacet
  facet normal 0.168096 -0.128507 0.977359
    outer loop
      vertex 112.277 6.11644 47.9743
      vertex 112.339 5.84997 47.9286
      vertex 112.339 6.19754 47.9743
    endloop
  endfacet
  facet normal 0.168096 -0.128507 0.977359
    outer loop
      vertex 112.339 5.84997 47.9286
      vertex 112.277 6.11644 47.9743
      vertex 112.277 5.76887 47.9286
    endloop
  endfacet
  facet normal -0.369845 -0.892915 0.256743
    outer loop
      vertex 1.61418 3.64545 46.1023
      vertex 1.51283 3.46991 45.3458
      vertex 2.23019 3.17278 45.3458
    endloop
  endfacet
  facet normal -0.790814 -0.606818 0.0799079
    outer loop
      vertex 0.424151 4.51283 44.9983
      vertex 0.896829 3.94259 45.3458
      vertex 0.424151 4.55859 45.3458
    endloop
  endfacet
  facet normal -0.790814 -0.606818 0.0799079
    outer loop
      vertex 0.896829 3.94259 45.3458
      vertex 0.424151 4.51283 44.9983
      vertex 0.896829 3.89683 44.9983
    endloop
  endfacet
  facet normal -0.892912 -0.369852 0.256743
    outer loop
      vertex 0.599691 4.65994 46.1023
      vertex 0.127014 5.27595 45.3458
      vertex 0.424151 4.55859 45.3458
    endloop
  endfacet
  facet normal 0.306183 -0.399405 0.864134
    outer loop
      vertex 112.812 5.23397 47.7259
      vertex 112.574 5.05152 47.7259
      vertex 112.913 4.46415 47.3343
    endloop
  endfacet
  facet normal 0.863938 -0.0657915 0.499283
    outer loop
      vertex 114.38 6.04576 46.7805
      vertex 114.772 6.39333 46.148
      vertex 114.38 6.39333 46.8263
    endloop
  endfacet
  facet normal 0.863913 -0.0656557 0.499342
    outer loop
      vertex 114.772 6.39333 46.148
      vertex 114.38 6.04576 46.7805
      vertex 114.772 6.04576 46.1023
    endloop
  endfacet
  facet normal 0.126208 -0.958184 0.256817
    outer loop
      vertex 112.717 3.36856 46.1023
      vertex 112 3.27412 46.1023
      vertex 112.77 3.17278 45.3458
    endloop
  endfacet
  facet normal 0.0926365 -0.704115 0.704018
    outer loop
      vertex 112.473 4.28171 47.3343
      vertex 112 4.21948 47.3343
      vertex 112.616 3.7468 46.7805
    endloop
  endfacet
  facet normal 0 -0.991441 0.130556
    outer loop
      vertex 3 3.02567 44.9983
      vertex 46.9606 3.07143 45.3458
      vertex 3 3.07143 45.3458
    endloop
  endfacet
  facet normal -6.98296e-08 -0.99144 0.130565
    outer loop
      vertex 46.9606 3.07143 45.3458
      vertex 3 3.02567 44.9983
      vertex 47.2033 3.03906 45.1
    endloop
  endfacet
  facet normal 0 -0.990972 0.134073
    outer loop
      vertex 47.3033 3.0259 45
      vertex 3 3.02567 44.9983
      vertex 67.6967 3.0259 45
    endloop
  endfacet
  facet normal 1.40533e-07 -0.991452 0.130475
    outer loop
      vertex 47.2033 3.03906 45.1
      vertex 3 3.02567 44.9983
      vertex 47.3033 3.0259 45
    endloop
  endfacet
  facet normal 6.98296e-08 -0.99144 0.130565
    outer loop
      vertex 112 3.02567 44.9983
      vertex 68.0394 3.07143 45.3458
      vertex 67.7967 3.03906 45.1
    endloop
  endfacet
  facet normal -1.40533e-07 -0.991452 0.130475
    outer loop
      vertex 112 3.02567 44.9983
      vertex 67.7967 3.03906 45.1
      vertex 67.6967 3.0259 45
    endloop
  endfacet
  facet normal 0 -0.991441 0.130556
    outer loop
      vertex 68.0394 3.07143 45.3458
      vertex 112 3.02567 44.9983
      vertex 112 3.07143 45.3458
    endloop
  endfacet
  facet normal 0 -0.990972 0.134073
    outer loop
      vertex 112 3.02567 44.9983
      vertex 67.6967 3.0259 45
      vertex 3 3.02567 44.9983
    endloop
  endfacet
  facet normal 0.331918 -0.801954 0.496689
    outer loop
      vertex 113.386 3.64545 46.1023
      vertex 112.616 3.7468 46.7805
      vertex 112.717 3.36856 46.1023
    endloop
  endfacet
  facet normal 0.528317 -0.688478 0.496869
    outer loop
      vertex 113.683 4.36281 46.7805
      vertex 113.386 3.64545 46.1023
      vertex 113.96 4.08592 46.1023
    endloop
  endfacet
  facet normal -0.0656876 -0.498943 0.864142
    outer loop
      vertex 2.70286 4.93683 47.7259
      vertex 2.52732 4.28171 47.3343
      vertex 3 4.21948 47.3343
    endloop
  endfacet
  facet normal -0.563402 -0.432315 0.704047
    outer loop
      vertex 1.41839 5.13262 47.3343
      vertex 0.938808 4.85573 46.7805
      vertex 1.31704 4.36281 46.7805
    endloop
  endfacet
  facet normal 0.258603 -0.0339419 0.965387
    outer loop
      vertex 113.148 6.39333 47.7716
      vertex 112.378 6.29198 47.9743
      vertex 113.109 6.09619 47.7716
    endloop
  endfacet
  facet normal 0.464407 -0.192888 0.864361
    outer loop
      vertex 113.109 5.74862 47.7259
      vertex 112.994 5.47174 47.7259
      vertex 113.582 5.13262 47.3343
    endloop
  endfacet
  facet normal 0.0340699 -0.258659 0.965368
    outer loop
      vertex 112.101 5.66753 47.9286
      vertex 112 4.89771 47.7259
      vertex 112.297 4.93683 47.7259
    endloop
  endfacet
  facet normal 0.0657192 -0.498942 0.86414
    outer loop
      vertex 112 4.89771 47.7259
      vertex 112 4.21948 47.3343
      vertex 112.297 4.93683 47.7259
    endloop
  endfacet
  facet normal -0.241047 -0.0998437 0.965364
    outer loop
      vertex 2.62176 6.29198 47.9743
      vertex 1.89107 6.09619 47.7716
      vertex 2.00576 5.8193 47.7716
    endloop
  endfacet
  facet normal -0.991298 -0.130507 0.0171857
    outer loop
      vertex 0.0256662 6 44.9983
      vertex 0.127014 5.27595 45.3458
      vertex 0.0256662 6.04576 45.3458
    endloop
  endfacet
  facet normal -0.991298 -0.130507 0.0171857
    outer loop
      vertex 0.127014 5.27595 45.3458
      vertex 0.0256662 6 44.9983
      vertex 0.127014 5.23019 44.9983
    endloop
  endfacet
  facet normal -0.892912 -0.369854 0.256741
    outer loop
      vertex 0.322803 5.32841 46.1023
      vertex 0.127014 5.27595 45.3458
      vertex 0.599691 4.65994 46.1023
    endloop
  endfacet
  facet normal -0.958212 -0.126151 0.256742
    outer loop
      vertex 0.228362 6.04576 46.1023
      vertex 0.127014 5.27595 45.3458
      vertex 0.322803 5.32841 46.1023
    endloop
  endfacet
  facet normal -0.864149 -0.065603 0.498942
    outer loop
      vertex 0.619941 6.04576 46.7805
      vertex 0.228362 6.39333 46.148
      vertex 0.228362 6.04576 46.1023
    endloop
  endfacet
  facet normal -0.864173 -0.0657387 0.498882
    outer loop
      vertex 0.228362 6.39333 46.148
      vertex 0.619941 6.04576 46.7805
      vertex 0.619941 6.39333 46.8263
    endloop
  endfacet
  facet normal 0.892849 -0.369656 0.257245
    outer loop
      vertex 114.873 5.27595 45.3458
      vertex 114.4 4.65994 46.1023
      vertex 114.576 4.55859 45.3458
    endloop
  endfacet
  facet normal -0.656097 -0.271758 0.704048
    outer loop
      vertex 1.23595 5.57308 47.3343
      vertex 0.701039 5.42976 46.7805
      vertex 1.41839 5.13262 47.3343
    endloop
  endfacet
  facet normal -0.464935 -0.192587 0.864144
    outer loop
      vertex 1.89107 5.74862 47.7259
      vertex 1.41839 5.13262 47.3343
      vertex 2.00576 5.47174 47.7259
    endloop
  endfacet
  facet normal -0.704059 -0.0927748 0.704056
    outer loop
      vertex 0.701039 5.77732 46.8263
      vertex 1.23595 5.57308 47.3343
      vertex 1.23595 5.92065 47.3801
    endloop
  endfacet
  facet normal -0.704059 -0.0927774 0.704055
    outer loop
      vertex 1.23595 5.57308 47.3343
      vertex 0.701039 5.77732 46.8263
      vertex 0.701039 5.42976 46.7805
    endloop
  endfacet
  facet normal -0.271758 -0.656098 0.704048
    outer loop
      vertex 2.52732 4.28171 47.3343
      vertex 2.08686 4.46415 47.3343
      vertex 2.384 3.7468 46.7805
    endloop
  endfacet
  facet normal -0.656098 -0.271762 0.704046
    outer loop
      vertex 1.41839 5.13262 47.3343
      vertex 0.701039 5.42976 46.7805
      vertex 0.938808 4.85573 46.7805
    endloop
  endfacet
  facet normal -0.0995334 -0.129715 0.986543
    outer loop
      vertex 2.72311 5.76887 47.9286
      vertex 2.80421 6.05421 47.9743
      vertex 2.72311 6.11644 47.9743
    endloop
  endfacet
  facet normal -0.0995204 -0.129719 0.986544
    outer loop
      vertex 2.80421 6.05421 47.9743
      vertex 2.72311 5.76887 47.9286
      vertex 2.80421 5.70665 47.9286
    endloop
  endfacet
  facet normal -0.241044 -0.099848 0.965364
    outer loop
      vertex 2.62176 6.29198 47.9743
      vertex 2.00576 5.8193 47.7716
      vertex 2.66088 6.19754 47.9743
    endloop
  endfacet
  facet normal 0.258809 -0.0357506 0.965267
    outer loop
      vertex 112.392 6.39333 47.9743
      vertex 112.378 6.29198 47.9743
      vertex 113.148 6.39333 47.7716
    endloop
  endfacet
  facet normal 0 -0.113547 0.993533
    outer loop
      vertex 44.5048 6.00175 47.9743
      vertex 3 6.00175 47.9743
      vertex 44.5048 6 47.9741
    endloop
  endfacet
  facet normal -7.1897e-07 -0.130362 0.991466
    outer loop
      vertex 3 5.65418 47.9286
      vertex 44.5048 6 47.9741
      vertex 3 6.00175 47.9743
    endloop
  endfacet
  facet normal 0 -0.130447 0.991455
    outer loop
      vertex 44.5048 6 47.9741
      vertex 3 5.65418 47.9286
      vertex 44.5503 5.65418 47.9286
    endloop
  endfacet
  facet normal 0 -0.130362 0.991466
    outer loop
      vertex 70.4952 6.00175 47.9743
      vertex 112 5.65418 47.9286
      vertex 112 6.00175 47.9743
    endloop
  endfacet
  facet normal 0.000143093 -0.113547 0.993533
    outer loop
      vertex 70.4952 6 47.9741
      vertex 112 5.65418 47.9286
      vertex 70.4952 6.00175 47.9743
    endloop
  endfacet
  facet normal 6.92581e-07 -0.130365 0.991466
    outer loop
      vertex 70.4763 5.85626 47.9552
      vertex 112 5.65418 47.9286
      vertex 70.4952 6 47.9741
    endloop
  endfacet
  facet normal 0 -0.130505 0.991448
    outer loop
      vertex 112 5.65418 47.9286
      vertex 70.4763 5.85626 47.9552
      vertex 70.4497 5.65418 47.9286
    endloop
  endfacet
  facet normal -0.332117 -0.8018 0.496805
    outer loop
      vertex 2.384 3.7468 46.7805
      vertex 1.61418 3.64545 46.1023
      vertex 2.28265 3.36856 46.1023
    endloop
  endfacet
  facet normal -0.332116 -0.801802 0.496803
    outer loop
      vertex 1.80997 3.98457 46.7805
      vertex 1.61418 3.64545 46.1023
      vertex 2.384 3.7468 46.7805
    endloop
  endfacet
  facet normal -0.92271 -0.382195 0.0503287
    outer loop
      vertex 0.127014 5.23019 44.9983
      vertex 0.424151 4.55859 45.3458
      vertex 0.127014 5.27595 45.3458
    endloop
  endfacet
  facet normal -0.92271 -0.382195 0.0503287
    outer loop
      vertex 0.424151 4.55859 45.3458
      vertex 0.127014 5.23019 44.9983
      vertex 0.424151 4.51283 44.9983
    endloop
  endfacet
  facet normal 0.126124 -0.958217 0.256736
    outer loop
      vertex 112 3.27412 46.1023
      vertex 112 3.07143 45.3458
      vertex 112.77 3.17278 45.3458
    endloop
  endfacet
  facet normal -0.129431 -0.983098 0.129486
    outer loop
      vertex 2.23019 3.12701 44.9983
      vertex 3 3.07143 45.3458
      vertex 2.23019 3.17278 45.3458
    endloop
  endfacet
  facet normal -0.129418 -0.983103 0.129458
    outer loop
      vertex 3 3.07143 45.3458
      vertex 2.23019 3.12701 44.9983
      vertex 3 3.02567 44.9983
    endloop
  endfacet
  facet normal 0.588417 -0.766798 0.256489
    outer loop
      vertex 113.96 4.08592 46.1023
      vertex 113.386 3.64545 46.1023
      vertex 113.487 3.46991 45.3458
    endloop
  endfacet
  facet normal 0.192528 -0.464995 0.864125
    outer loop
      vertex 112.574 5.05152 47.7259
      vertex 112.297 4.93683 47.7259
      vertex 112.913 4.46415 47.3343
    endloop
  endfacet
  facet normal 0.332113 -0.801754 0.496882
    outer loop
      vertex 113.19 3.98457 46.7805
      vertex 112.616 3.7468 46.7805
      vertex 113.386 3.64545 46.1023
    endloop
  endfacet
  facet normal -0.306359 -0.399248 0.864144
    outer loop
      vertex 2.18821 5.23397 47.7259
      vertex 2.08686 4.46415 47.3343
      vertex 2.42598 5.05152 47.7259
    endloop
  endfacet
  facet normal -0.19258 -0.464942 0.864142
    outer loop
      vertex 2.70286 4.93683 47.7259
      vertex 2.08686 4.46415 47.3343
      vertex 2.52732 4.28171 47.3343
    endloop
  endfacet
  facet normal 0 -0.70712 0.707094
    outer loop
      vertex 3 3.6657 46.7805
      vertex 45.1219 4.21948 47.3343
      vertex 3 4.21948 47.3343
    endloop
  endfacet
  facet normal 3.78634e-07 -0.707134 0.70708
    outer loop
      vertex 45.1219 4.21948 47.3343
      vertex 3 3.6657 46.7805
      vertex 45.32 3.9606 47.0754
    endloop
  endfacet
  facet normal -4.30824e-06 -0.706798 0.707416
    outer loop
      vertex 45.32 3.9606 47.0754
      vertex 3 3.6657 46.7805
      vertex 45.3809 3.88093 46.9958
    endloop
  endfacet
  facet normal 4.47796e-06 -0.707662 0.706551
    outer loop
      vertex 45.3809 3.88093 46.9958
      vertex 3 3.6657 46.7805
      vertex 45.4549 3.82402 46.9388
    endloop
  endfacet
  facet normal 0 -0.707062 0.707151
    outer loop
      vertex 45.4549 3.82402 46.9388
      vertex 3 3.6657 46.7805
      vertex 45.6608 3.6657 46.7805
    endloop
  endfacet
  facet normal -3.78634e-07 -0.707134 0.70708
    outer loop
      vertex 112 3.6657 46.7805
      vertex 69.8781 4.21948 47.3343
      vertex 69.68 3.9606 47.0754
    endloop
  endfacet
  facet normal 4.30824e-06 -0.706798 0.707416
    outer loop
      vertex 112 3.6657 46.7805
      vertex 69.68 3.9606 47.0754
      vertex 69.6191 3.88093 46.9958
    endloop
  endfacet
  facet normal 0 -0.707222 0.706992
    outer loop
      vertex 112 3.6657 46.7805
      vertex 69.6191 3.88093 46.9958
      vertex 69.3392 3.6657 46.7805
    endloop
  endfacet
  facet normal 0 -0.70712 0.707094
    outer loop
      vertex 69.8781 4.21948 47.3343
      vertex 112 3.6657 46.7805
      vertex 112 4.21948 47.3343
    endloop
  endfacet
  facet normal 0.86046 -0.113952 0.496613
    outer loop
      vertex 114.772 6.04576 46.1023
      vertex 114.299 5.42976 46.7805
      vertex 114.677 5.32841 46.1023
    endloop
  endfacet
  facet normal 0.0172161 -0.130347 0.991319
    outer loop
      vertex 112 6.00175 47.9743
      vertex 112.101 5.66753 47.9286
      vertex 112.101 6.01509 47.9743
    endloop
  endfacet
  facet normal 0.0172285 -0.130343 0.991319
    outer loop
      vertex 112.101 5.66753 47.9286
      vertex 112 6.00175 47.9743
      vertex 112 5.65418 47.9286
    endloop
  endfacet
  facet normal 0.704085 -0.0923527 0.704085
    outer loop
      vertex 113.826 6.39333 47.3801
      vertex 113.764 5.92065 47.3801
      vertex 114.299 5.77732 46.8263
    endloop
  endfacet
  facet normal 0.892803 -0.369959 0.256969
    outer loop
      vertex 114.677 5.32841 46.1023
      vertex 114.4 4.65994 46.1023
      vertex 114.873 5.27595 45.3458
    endloop
  endfacet
  facet normal 0.790612 -0.607077 0.079942
    outer loop
      vertex 114.103 3.94259 45.3458
      vertex 114.576 4.51283 44.9983
      vertex 114.576 4.55859 45.3458
    endloop
  endfacet
  facet normal 0.790612 -0.607077 0.079942
    outer loop
      vertex 114.576 4.51283 44.9983
      vertex 114.103 3.94259 45.3458
      vertex 114.103 3.89683 44.9983
    endloop
  endfacet
  facet normal -0.486987 -0.11386 0.865956
    outer loop
      vertex 1.23595 5.92065 47.3801
      vertex 1.89107 5.74862 47.7259
      vertex 1.89107 6.09619 47.7716
    endloop
  endfacet
  facet normal -0.487023 -0.114102 0.865904
    outer loop
      vertex 1.89107 5.74862 47.7259
      vertex 1.23595 5.92065 47.3801
      vertex 1.23595 5.57308 47.3343
    endloop
  endfacet
  facet normal -0.704076 -0.0926919 0.704049
    outer loop
      vertex 1.17372 6.39333 47.3801
      vertex 0.619941 6.39333 46.8263
      vertex 0.701039 5.77732 46.8263
    endloop
  endfacet
  facet normal -0.498848 -0.0656758 0.864198
    outer loop
      vertex 1.85195 6.39333 47.7716
      vertex 1.17372 6.39333 47.3801
      vertex 1.89107 6.09619 47.7716
    endloop
  endfacet
  facet normal 0.240894 -0.10005 0.965381
    outer loop
      vertex 113.109 6.09619 47.7716
      vertex 112.378 6.29198 47.9743
      vertex 112.994 5.8193 47.7716
    endloop
  endfacet
  facet normal -0.588363 -0.766754 0.256744
    outer loop
      vertex 1.61418 3.64545 46.1023
      vertex 1.04016 4.08592 46.1023
      vertex 1.51283 3.46991 45.3458
    endloop
  endfacet
  facet normal -0.563408 -0.432312 0.704044
    outer loop
      vertex 1.41839 5.13262 47.3343
      vertex 1.31704 4.36281 46.7805
      vertex 1.70862 4.75438 47.3343
    endloop
  endfacet
  facet normal 0.380033 -0.917052 0.120787
    outer loop
      vertex 112.77 3.12701 44.9983
      vertex 113.487 3.46991 45.3458
      vertex 112.77 3.17278 45.3458
    endloop
  endfacet
  facet normal 0.380045 -0.917051 0.12076
    outer loop
      vertex 113.487 3.46991 45.3458
      vertex 112.77 3.12701 44.9983
      vertex 113.487 3.42415 44.9983
    endloop
  endfacet
  facet normal 0.1294 -0.983105 0.129459
    outer loop
      vertex 112 3.02567 44.9983
      vertex 112.77 3.17278 45.3458
      vertex 112 3.07143 45.3458
    endloop
  endfacet
  facet normal 0.129387 -0.983103 0.129487
    outer loop
      vertex 112.77 3.17278 45.3458
      vertex 112 3.02567 44.9983
      vertex 112.77 3.12701 44.9983
    endloop
  endfacet
  facet normal 0.113282 -0.860439 0.496801
    outer loop
      vertex 112 3.6657 46.7805
      vertex 112 3.27412 46.1023
      vertex 112.616 3.7468 46.7805
    endloop
  endfacet
  facet normal 0.113335 -0.860454 0.496763
    outer loop
      vertex 112.616 3.7468 46.7805
      vertex 112 3.27412 46.1023
      vertex 112.717 3.36856 46.1023
    endloop
  endfacet
  facet normal -0.688523 -0.528324 0.496801
    outer loop
      vertex 0.938808 4.85573 46.7805
      vertex 0.599691 4.65994 46.1023
      vertex 1.31704 4.36281 46.7805
    endloop
  endfacet
  facet normal -0.306351 -0.39925 0.864146
    outer loop
      vertex 2.18821 5.23397 47.7259
      vertex 1.70862 4.75438 47.3343
      vertex 2.08686 4.46415 47.3343
    endloop
  endfacet
  facet normal -0.0998458 -0.241044 0.965365
    outer loop
      vertex 2.89865 5.66753 47.9286
      vertex 2.42598 5.05152 47.7259
      vertex 2.70286 4.93683 47.7259
    endloop
  endfacet
  facet normal -0.192587 -0.464935 0.864144
    outer loop
      vertex 2.42598 5.05152 47.7259
      vertex 2.08686 4.46415 47.3343
      vertex 2.70286 4.93683 47.7259
    endloop
  endfacet
  facet normal 0.158916 -0.206882 0.965373
    outer loop
      vertex 112.277 5.76887 47.9286
      vertex 112.196 5.70665 47.9286
      vertex 112.812 5.23397 47.7259
    endloop
  endfacet
  facet normal 0.207302 -0.15848 0.965355
    outer loop
      vertex 112.339 5.84997 47.9286
      vertex 112.277 5.76887 47.9286
      vertex 112.812 5.23397 47.7259
    endloop
  endfacet
  facet normal 0.271765 -0.656067 0.704073
    outer loop
      vertex 112.913 4.46415 47.3343
      vertex 112.616 3.7468 46.7805
      vertex 113.19 3.98457 46.7805
    endloop
  endfacet
  facet normal 0.399015 -0.306983 0.86403
    outer loop
      vertex 113.582 5.13262 47.3343
      vertex 112.812 5.23397 47.7259
      vertex 113.291 4.75438 47.3343
    endloop
  endfacet
  facet normal 0.432249 -0.563396 0.704092
    outer loop
      vertex 113.683 4.36281 46.7805
      vertex 112.913 4.46415 47.3343
      vertex 113.19 3.98457 46.7805
    endloop
  endfacet
  facet normal 0.528232 -0.6885 0.496929
    outer loop
      vertex 113.683 4.36281 46.7805
      vertex 113.19 3.98457 46.7805
      vertex 113.386 3.64545 46.1023
    endloop
  endfacet
  facet normal 0.958043 -0.126875 0.257016
    outer loop
      vertex 114.772 6.04576 46.1023
      vertex 114.677 5.32841 46.1023
      vertex 114.873 5.27595 45.3458
    endloop
  endfacet
  facet normal -0.704075 -0.0926939 0.70405
    outer loop
      vertex 1.17372 6.39333 47.3801
      vertex 0.701039 5.77732 46.8263
      vertex 1.23595 5.92065 47.3801
    endloop
  endfacet
  facet normal -0.704385 -0.0927326 0.703735
    outer loop
      vertex 0.619941 6.04576 46.7805
      vertex 0.701039 5.77732 46.8263
      vertex 0.619941 6.39333 46.8263
    endloop
  endfacet
  facet normal -0.704389 -0.0927346 0.70373
    outer loop
      vertex 0.701039 5.77732 46.8263
      vertex 0.619941 6.04576 46.7805
      vertex 0.701039 5.42976 46.7805
    endloop
  endfacet
  facet normal 0.0536061 -0.130179 0.99004
    outer loop
      vertex 112.101 6.01509 47.9743
      vertex 112.196 5.70665 47.9286
      vertex 112.196 6.05421 47.9743
    endloop
  endfacet
  facet normal 0.0536061 -0.130179 0.99004
    outer loop
      vertex 112.196 5.70665 47.9286
      vertex 112.101 6.01509 47.9743
      vertex 112.101 5.66753 47.9286
    endloop
  endfacet
  facet normal 0.0996551 -0.129713 0.986531
    outer loop
      vertex 112.196 6.05421 47.9743
      vertex 112.277 5.76887 47.9286
      vertex 112.277 6.11644 47.9743
    endloop
  endfacet
  facet normal 0.099642 -0.129717 0.986532
    outer loop
      vertex 112.277 5.76887 47.9286
      vertex 112.196 6.05421 47.9743
      vertex 112.196 5.70665 47.9286
    endloop
  endfacet
  facet normal -0.52833 -0.688519 0.496798
    outer loop
      vertex 1.31704 4.36281 46.7805
      vertex 1.04016 4.08592 46.1023
      vertex 1.61418 3.64545 46.1023
    endloop
  endfacet
  facet normal -0.528323 -0.688521 0.496803
    outer loop
      vertex 1.80997 3.98457 46.7805
      vertex 1.31704 4.36281 46.7805
      vertex 1.61418 3.64545 46.1023
    endloop
  endfacet
  facet normal -0.605471 -0.789055 0.103906
    outer loop
      vertex 0.896829 3.89683 44.9983
      vertex 1.51283 3.46991 45.3458
      vertex 0.896829 3.94259 45.3458
    endloop
  endfacet
  facet normal -0.605471 -0.789055 0.103906
    outer loop
      vertex 1.51283 3.46991 45.3458
      vertex 0.896829 3.89683 44.9983
      vertex 1.51283 3.42415 44.9983
    endloop
  endfacet
  facet normal 0.370019 -0.892888 0.256589
    outer loop
      vertex 113.386 3.64545 46.1023
      vertex 112.77 3.17278 45.3458
      vertex 113.487 3.46991 45.3458
    endloop
  endfacet
  facet normal 0.369582 -0.892954 0.256987
    outer loop
      vertex 113.386 3.64545 46.1023
      vertex 112.717 3.36856 46.1023
      vertex 112.77 3.17278 45.3458
    endloop
  endfacet
  facet normal -0.0998473 -0.241042 0.965365
    outer loop
      vertex 2.80421 5.70665 47.9286
      vertex 2.42598 5.05152 47.7259
      vertex 2.89865 5.66753 47.9286
    endloop
  endfacet
  facet normal -0.158831 -0.206989 0.965364
    outer loop
      vertex 2.80421 5.70665 47.9286
      vertex 2.18821 5.23397 47.7259
      vertex 2.42598 5.05152 47.7259
    endloop
  endfacet
  facet normal 0.192722 -0.464796 0.864189
    outer loop
      vertex 112.913 4.46415 47.3343
      vertex 112.297 4.93683 47.7259
      vertex 112.473 4.28171 47.3343
    endloop
  endfacet
  facet normal 0.272037 -0.656086 0.703951
    outer loop
      vertex 112.913 4.46415 47.3343
      vertex 112.473 4.28171 47.3343
      vertex 112.616 3.7468 46.7805
    endloop
  endfacet
  facet normal 0.704814 -0.0926769 0.703313
    outer loop
      vertex 114.299 5.77732 46.8263
      vertex 114.38 6.04576 46.7805
      vertex 114.38 6.39333 46.8263
    endloop
  endfacet
  facet normal 0.704818 -0.092679 0.703308
    outer loop
      vertex 114.38 6.04576 46.7805
      vertex 114.299 5.77732 46.8263
      vertex 114.299 5.42976 46.7805
    endloop
  endfacet
  facet normal 0.656244 -0.271163 0.704141
    outer loop
      vertex 113.764 5.57308 47.3343
      vertex 113.582 5.13262 47.3343
      vertex 114.299 5.42976 46.7805
    endloop
  endfacet
  facet normal 0.207175 -0.158581 0.965366
    outer loop
      vertex 112.994 5.47174 47.7259
      vertex 112.339 5.84997 47.9286
      vertex 112.812 5.23397 47.7259
    endloop
  endfacet
  facet normal 0.399345 -0.305677 0.864341
    outer loop
      vertex 112.994 5.47174 47.7259
      vertex 112.812 5.23397 47.7259
      vertex 113.582 5.13262 47.3343
    endloop
  endfacet
  facet normal 0.563754 -0.43232 0.703762
    outer loop
      vertex 114.061 4.85573 46.7805
      vertex 113.582 5.13262 47.3343
      vertex 113.683 4.36281 46.7805
    endloop
  endfacet
  facet normal 0.688713 -0.528146 0.496726
    outer loop
      vertex 114.061 4.85573 46.7805
      vertex 113.683 4.36281 46.7805
      vertex 114.4 4.65994 46.1023
    endloop
  endfacet
  facet normal 0.860225 -0.113114 0.497211
    outer loop
      vertex 114.38 6.04576 46.7805
      vertex 114.299 5.42976 46.7805
      vertex 114.772 6.04576 46.1023
    endloop
  endfacet
  facet normal 0.703944 -0.0925626 0.704198
    outer loop
      vertex 114.38 6.39333 46.8263
      vertex 113.826 6.39333 47.3801
      vertex 114.299 5.77732 46.8263
    endloop
  endfacet
  facet normal 0.498968 -0.0654481 0.864145
    outer loop
      vertex 113.826 6.39333 47.3801
      vertex 113.109 6.09619 47.7716
      vertex 113.764 5.92065 47.3801
    endloop
  endfacet
  facet normal 0.487055 -0.113855 0.865918
    outer loop
      vertex 113.109 5.74862 47.7259
      vertex 113.764 5.92065 47.3801
      vertex 113.109 6.09619 47.7716
    endloop
  endfacet
  facet normal 0.487091 -0.114097 0.865866
    outer loop
      vertex 113.764 5.92065 47.3801
      vertex 113.109 5.74862 47.7259
      vertex 113.764 5.57308 47.3343
    endloop
  endfacet
  facet normal 0.465124 -0.192191 0.864131
    outer loop
      vertex 113.764 5.57308 47.3343
      vertex 113.109 5.74862 47.7259
      vertex 113.582 5.13262 47.3343
    endloop
  endfacet
  facet normal 0.225577 -0.127002 0.965912
    outer loop
      vertex 112.339 5.84997 47.9286
      vertex 112.994 5.8193 47.7716
      vertex 112.339 6.19754 47.9743
    endloop
  endfacet
  facet normal 0.225577 -0.127006 0.965911
    outer loop
      vertex 112.994 5.8193 47.7716
      vertex 112.339 5.84997 47.9286
      vertex 112.994 5.47174 47.7259
    endloop
  endfacet
  facet normal 0.432377 -0.563135 0.704223
    outer loop
      vertex 113.291 4.75438 47.3343
      vertex 112.913 4.46415 47.3343
      vertex 113.683 4.36281 46.7805
    endloop
  endfacet
  facet normal 0.562638 -0.432867 0.704319
    outer loop
      vertex 113.582 5.13262 47.3343
      vertex 113.291 4.75438 47.3343
      vertex 113.683 4.36281 46.7805
    endloop
  endfacet
  facet normal 0.801736 -0.33241 0.496713
    outer loop
      vertex 114.299 5.42976 46.7805
      vertex 114.061 4.85573 46.7805
      vertex 114.4 4.65994 46.1023
    endloop
  endfacet
  facet normal 0.656308 -0.272113 0.703714
    outer loop
      vertex 114.299 5.42976 46.7805
      vertex 113.582 5.13262 47.3343
      vertex 114.061 4.85573 46.7805
    endloop
  endfacet
  facet normal 0.703999 -0.0927825 0.704114
    outer loop
      vertex 113.764 5.57308 47.3343
      vertex 114.299 5.77732 46.8263
      vertex 113.764 5.92065 47.3801
    endloop
  endfacet
  facet normal 0.704 -0.0927851 0.704113
    outer loop
      vertex 114.299 5.77732 46.8263
      vertex 113.764 5.57308 47.3343
      vertex 114.299 5.42976 46.7805
    endloop
  endfacet
  facet normal -0 -0.113547 -0.993533
    outer loop
      vertex 97.0257 6 38.0259
      vertex 17.9743 6 38.0259
      vertex 97.0257 6.00175 38.0257
    endloop
  endfacet
  facet normal 0 -0.130447 -0.991455
    outer loop
      vertex 97.0712 5.65418 38.0714
      vertex 17.9743 6 38.0259
      vertex 97.0257 6 38.0259
    endloop
  endfacet
  facet normal 0 -0.130447 -0.991455
    outer loop
      vertex 17.9743 6 38.0259
      vertex 97.0712 5.65418 38.0714
      vertex 17.9288 5.65418 38.0714
    endloop
  endfacet
  facet normal -0 -0.113547 -0.993533
    outer loop
      vertex 97.0257 6.00175 38.0257
      vertex 17.9743 6 38.0259
      vertex 17.9743 6.00175 38.0257
    endloop
  endfacet
  facet normal 0 -0.258803 -0.96593
    outer loop
      vertex 97.127 5.23019 38.185
      vertex 17.9288 5.65418 38.0714
      vertex 97.0712 5.65418 38.0714
    endloop
  endfacet
  facet normal 0 -0.258852 -0.965917
    outer loop
      vertex 17.873 5.23019 38.185
      vertex 97.127 5.23019 38.185
      vertex 97.2647 4.89771 38.2741
    endloop
  endfacet
  facet normal -0 -0.258803 -0.96593
    outer loop
      vertex 97.127 5.23019 38.185
      vertex 17.873 5.23019 38.185
      vertex 17.9288 5.65418 38.0714
    endloop
  endfacet
  facet normal 0 -0.258852 -0.965917
    outer loop
      vertex 17.873 5.23019 38.185
      vertex 97.2647 4.89771 38.2741
      vertex 17.7353 4.89771 38.2741
    endloop
  endfacet
  facet normal 0 -0.499982 -0.866036
    outer loop
      vertex 97.4241 4.51283 38.4963
      vertex 17.7353 4.89771 38.2741
      vertex 97.2647 4.89771 38.2741
    endloop
  endfacet
  facet normal 0 -0.500076 -0.865982
    outer loop
      vertex 17.5758 4.51283 38.4963
      vertex 97.4241 4.51283 38.4963
      vertex 97.6493 4.21948 38.6657
    endloop
  endfacet
  facet normal -0 -0.499982 -0.866036
    outer loop
      vertex 97.4241 4.51283 38.4963
      vertex 17.5758 4.51283 38.4963
      vertex 17.7353 4.89771 38.2741
    endloop
  endfacet
  facet normal 0 -0.500076 -0.865982
    outer loop
      vertex 17.5758 4.51283 38.4963
      vertex 97.6493 4.21948 38.6657
      vertex 17.3507 4.21948 38.6657
    endloop
  endfacet
  facet normal 0 -0.707214 -0.707
    outer loop
      vertex 17.1032 3.89683 38.9883
      vertex 98.198 3.6657 39.2195
      vertex 16.802 3.6657 39.2195
    endloop
  endfacet
  facet normal 0 -0.707214 -0.707
    outer loop
      vertex 17.1032 3.89683 38.9883
      vertex 97.8968 3.89683 38.9883
      vertex 98.198 3.6657 39.2195
    endloop
  endfacet
  facet normal 0 -0.707052 -0.707162
    outer loop
      vertex 17.3507 4.21948 38.6657
      vertex 97.8968 3.89683 38.9883
      vertex 17.1032 3.89683 38.9883
    endloop
  endfacet
  facet normal 0 -0.707052 -0.707162
    outer loop
      vertex 97.8968 3.89683 38.9883
      vertex 17.3507 4.21948 38.6657
      vertex 97.6493 4.21948 38.6657
    endloop
  endfacet
  facet normal 0 -0.991441 -0.130556
    outer loop
      vertex 15.3476 3.07143 40.6542
      vertex 100 3.02567 41.0017
      vertex 15 3.02567 41.0017
    endloop
  endfacet
  facet normal 0 -0.991441 -0.130556
    outer loop
      vertex 100 3.02567 41.0017
      vertex 15.3476 3.07143 40.6542
      vertex 99.6524 3.07143 40.6542
    endloop
  endfacet
  facet normal 0 -0.865976 -0.500086
    outer loop
      vertex 16.4872 3.42415 39.6379
      vertex 98.875 3.27412 39.8977
      vertex 16.125 3.27412 39.8977
    endloop
  endfacet
  facet normal 0 -0.865976 -0.500086
    outer loop
      vertex 16.4872 3.42415 39.6379
      vertex 98.5128 3.42415 39.6379
      vertex 98.875 3.27412 39.8977
    endloop
  endfacet
  facet normal 0 -0.866037 -0.499979
    outer loop
      vertex 16.802 3.6657 39.2195
      vertex 98.5128 3.42415 39.6379
      vertex 16.4872 3.42415 39.6379
    endloop
  endfacet
  facet normal 0 -0.866037 -0.499979
    outer loop
      vertex 98.5128 3.42415 39.6379
      vertex 16.802 3.6657 39.2195
      vertex 98.198 3.6657 39.2195
    endloop
  endfacet
  facet normal 0 -0.965948 -0.258735
    outer loop
      vertex 15.7698 3.12701 40.4467
      vertex 99.6524 3.07143 40.6542
      vertex 15.3476 3.07143 40.6542
    endloop
  endfacet
  facet normal 0 -0.965948 -0.258735
    outer loop
      vertex 15.7698 3.12701 40.4467
      vertex 99.2302 3.12701 40.4467
      vertex 99.6524 3.07143 40.6542
    endloop
  endfacet
  facet normal 0 -0.965923 -0.258829
    outer loop
      vertex 16.125 3.27412 39.8977
      vertex 99.2302 3.12701 40.4467
      vertex 15.7698 3.12701 40.4467
    endloop
  endfacet
  facet normal 0 -0.965923 -0.258829
    outer loop
      vertex 99.2302 3.12701 40.4467
      vertex 16.125 3.27412 39.8977
      vertex 98.875 3.27412 39.8977
    endloop
  endfacet
  facet normal 0 0 -1
    outer loop
      vertex 17.9743 6.00175 38.0257
      vertex 97.0257 21.6084 38.0257
      vertex 97.0257 6.00175 38.0257
    endloop
  endfacet
  facet normal -0 0 -1
    outer loop
      vertex 97.0257 21.6084 38.0257
      vertex 17.9743 6.00175 38.0257
      vertex 17.9743 21.6084 38.0257
    endloop
  endfacet
  facet normal 0 -0.0654873 -0.997853
    outer loop
      vertex 17.9743 21.6084 38.0257
      vertex 97.0257 22 38
      vertex 97.0257 21.6084 38.0257
    endloop
  endfacet
  facet normal -0 -0.0654873 -0.997853
    outer loop
      vertex 97.0257 22 38
      vertex 17.9743 21.6084 38.0257
      vertex 17.9743 22 38
    endloop
  endfacet
  facet normal 0 -1 0
    outer loop
      vertex 17.9743 25.0257 16.3916
      vertex 97.0257 25.0257 34.6084
      vertex 17.9743 25.0257 34.6084
    endloop
  endfacet
  facet normal 0 -1 -0
    outer loop
      vertex 97.0257 25.0257 34.6084
      vertex 17.9743 25.0257 16.3916
      vertex 97.0257 25.0257 16.3916
    endloop
  endfacet
  facet normal 0 -0.997853 -0.0654873
    outer loop
      vertex 17.9743 25.0257 34.6084
      vertex 97.0257 25 35
      vertex 17.9743 25 35
    endloop
  endfacet
  facet normal 0 -0.997853 -0.0654873
    outer loop
      vertex 97.0257 25 35
      vertex 17.9743 25.0257 34.6084
      vertex 97.0257 25.0257 34.6084
    endloop
  endfacet
  facet normal 0 -0.793316 0.608809
    outer loop
      vertex 17.9743 24.1213 13.8787
      vertex 97.0257 24.5981 14.5
      vertex 17.9743 24.5981 14.5
    endloop
  endfacet
  facet normal 0 -0.793316 0.608809
    outer loop
      vertex 97.0257 24.5981 14.5
      vertex 17.9743 24.1213 13.8787
      vertex 97.0257 24.1213 13.8787
    endloop
  endfacet
  facet normal 0 0 -1
    outer loop
      vertex 17.9743 22.7764 37.8978
      vertex 97.0257 22.7765 37.8978
      vertex 97.0257 22.7764 37.8978
    endloop
  endfacet
  facet normal -0 0 -1
    outer loop
      vertex 97.0257 22.7765 37.8978
      vertex 17.9743 22.7764 37.8978
      vertex 17.9743 22.7765 37.8978
    endloop
  endfacet
  facet normal 0 -0.382701 -0.923872
    outer loop
      vertex 17.9743 22.7765 37.8978
      vertex 97.0257 23.5 37.5981
      vertex 97.0257 22.7765 37.8978
    endloop
  endfacet
  facet normal -0 -0.382701 -0.923872
    outer loop
      vertex 97.0257 23.5 37.5981
      vertex 17.9743 22.7765 37.8978
      vertex 17.9743 23.5 37.5981
    endloop
  endfacet
  facet normal 0 -0.608809 -0.793316
    outer loop
      vertex 17.9743 23.5 37.5981
      vertex 97.0257 24.1213 37.1213
      vertex 97.0257 23.5 37.5981
    endloop
  endfacet
  facet normal -0 -0.608809 -0.793316
    outer loop
      vertex 97.0257 24.1213 37.1213
      vertex 17.9743 23.5 37.5981
      vertex 17.9743 24.1213 37.1213
    endloop
  endfacet
  facet normal 0 -0.793316 -0.608809
    outer loop
      vertex 17.9743 24.5981 36.5
      vertex 97.0257 24.1213 37.1213
      vertex 17.9743 24.1213 37.1213
    endloop
  endfacet
  facet normal 0 -0.793316 -0.608809
    outer loop
      vertex 97.0257 24.1213 37.1213
      vertex 17.9743 24.5981 36.5
      vertex 97.0257 24.5981 36.5
    endloop
  endfacet
  facet normal 0 -0.923872 -0.382701
    outer loop
      vertex 17.9743 24.8978 35.7765
      vertex 97.0257 24.5981 36.5
      vertex 17.9743 24.5981 36.5
    endloop
  endfacet
  facet normal 0 -0.923872 -0.382701
    outer loop
      vertex 97.0257 24.5981 36.5
      vertex 17.9743 24.8978 35.7765
      vertex 97.0257 24.8978 35.7765
    endloop
  endfacet
  facet normal 0 -1 0
    outer loop
      vertex 17.9743 24.8978 35.7764
      vertex 97.0257 24.8978 35.7765
      vertex 17.9743 24.8978 35.7765
    endloop
  endfacet
  facet normal 0 -1 -0
    outer loop
      vertex 97.0257 24.8978 35.7765
      vertex 17.9743 24.8978 35.7764
      vertex 97.0257 24.8978 35.7764
    endloop
  endfacet
  facet normal 0 -0.991447 -0.130507
    outer loop
      vertex 17.9743 25 35
      vertex 97.0257 24.8978 35.7764
      vertex 17.9743 24.8978 35.7764
    endloop
  endfacet
  facet normal 0 -0.991447 -0.130507
    outer loop
      vertex 97.0257 24.8978 35.7764
      vertex 17.9743 25 35
      vertex 97.0257 25 35
    endloop
  endfacet
  facet normal 0 -1 0
    outer loop
      vertex 17.9743 24.8978 15.2235
      vertex 97.0257 24.8978 15.2236
      vertex 17.9743 24.8978 15.2236
    endloop
  endfacet
  facet normal 0 -1 -0
    outer loop
      vertex 97.0257 24.8978 15.2236
      vertex 17.9743 24.8978 15.2235
      vertex 97.0257 24.8978 15.2235
    endloop
  endfacet
  facet normal 0 -0.923872 0.382701
    outer loop
      vertex 17.9743 24.5981 14.5
      vertex 97.0257 24.8978 15.2235
      vertex 17.9743 24.8978 15.2235
    endloop
  endfacet
  facet normal 0 -0.923872 0.382701
    outer loop
      vertex 97.0257 24.8978 15.2235
      vertex 17.9743 24.5981 14.5
      vertex 97.0257 24.5981 14.5
    endloop
  endfacet
  facet normal 0 -0.608809 0.793316
    outer loop
      vertex 17.9743 24.1213 13.8787
      vertex 97.0257 23.5 13.4019
      vertex 97.0257 24.1213 13.8787
    endloop
  endfacet
  facet normal 0 -0.608809 0.793316
    outer loop
      vertex 97.0257 23.5 13.4019
      vertex 17.9743 24.1213 13.8787
      vertex 17.9743 23.5 13.4019
    endloop
  endfacet
  facet normal 0 -0.382701 0.923872
    outer loop
      vertex 17.9743 23.5 13.4019
      vertex 97.0257 22.7765 13.1022
      vertex 97.0257 23.5 13.4019
    endloop
  endfacet
  facet normal 0 -0.382701 0.923872
    outer loop
      vertex 97.0257 22.7765 13.1022
      vertex 17.9743 23.5 13.4019
      vertex 17.9743 22.7765 13.1022
    endloop
  endfacet
  facet normal -0 0 1
    outer loop
      vertex 17.9743 22.7765 13.1022
      vertex 97.0257 22.7764 13.1022
      vertex 97.0257 22.7765 13.1022
    endloop
  endfacet
  facet normal 0 0 1
    outer loop
      vertex 97.0257 22.7764 13.1022
      vertex 17.9743 22.7765 13.1022
      vertex 17.9743 22.7764 13.1022
    endloop
  endfacet
  facet normal 0 -0.130507 0.991447
    outer loop
      vertex 17.9743 22.7764 13.1022
      vertex 97.0257 22 13
      vertex 97.0257 22.7764 13.1022
    endloop
  endfacet
  facet normal 0 -0.130507 0.991447
    outer loop
      vertex 97.0257 22 13
      vertex 17.9743 22.7764 13.1022
      vertex 17.9743 22 13
    endloop
  endfacet
  facet normal 0 -0.0654873 0.997853
    outer loop
      vertex 17.9743 22 13
      vertex 97.0257 21.6084 12.9743
      vertex 97.0257 22 13
    endloop
  endfacet
  facet normal 0 -0.0654873 0.997853
    outer loop
      vertex 97.0257 21.6084 12.9743
      vertex 17.9743 22 13
      vertex 17.9743 21.6084 12.9743
    endloop
  endfacet
  facet normal -0.275125 0.125356 0.953201
    outer loop
      vertex 15 32.3458 47.9286
      vertex 15 31.9983 47.9743
      vertex 15.0001 32.2312 47.9437
    endloop
  endfacet
  facet normal 0.382687 -0.923878 0
    outer loop
      vertex 16.125 3.27412 39.8977
      vertex 16.4872 3.42415 11.3621
      vertex 16.4872 3.42415 39.6379
    endloop
  endfacet
  facet normal 0.382642 -0.923897 0
    outer loop
      vertex 16.125 3.27412 11.1023
      vertex 16.125 3.27412 39.8977
      vertex 15.7698 3.12701 40.4467
    endloop
  endfacet
  facet normal 0.382687 -0.923878 0
    outer loop
      vertex 16.125 3.27412 39.8977
      vertex 16.125 3.27412 11.1023
      vertex 16.4872 3.42415 11.3621
    endloop
  endfacet
  facet normal 0.382642 -0.923897 0
    outer loop
      vertex 16.125 3.27412 11.1023
      vertex 15.7698 3.12701 40.4467
      vertex 15.7698 3.12701 10.5533
    endloop
  endfacet
  facet normal -0 0.130388 0.991463
    outer loop
      vertex 3 32.3458 47.9286
      vertex 15 31.9983 47.9743
      vertex 15 32.3458 47.9286
    endloop
  endfacet
  facet normal 0 0.130388 0.991463
    outer loop
      vertex 15 31.9983 47.9743
      vertex 3 32.3458 47.9286
      vertex 3 31.9983 47.9743
    endloop
  endfacet
  facet normal 0.130518 -0.991446 0
    outer loop
      vertex 15.3476 3.07143 40.6542
      vertex 15.7698 3.12701 10.5533
      vertex 15.7698 3.12701 40.4467
    endloop
  endfacet
  facet normal 0.130519 -0.991446 0
    outer loop
      vertex 15.3476 3.07143 10.3458
      vertex 15.3476 3.07143 40.6542
      vertex 15 3.02567 41.0017
    endloop
  endfacet
  facet normal 0.130518 -0.991446 0
    outer loop
      vertex 15.3476 3.07143 40.6542
      vertex 15.3476 3.07143 10.3458
      vertex 15.7698 3.12701 10.5533
    endloop
  endfacet
  facet normal 0.130519 -0.991446 0
    outer loop
      vertex 15.3476 3.07143 10.3458
      vertex 15 3.02567 41.0017
      vertex 15 3.02567 9.99825
    endloop
  endfacet
  facet normal -0.167524 0.128545 0.977452
    outer loop
      vertex 2.66088 32.15 47.9286
      vertex 2.72311 31.8836 47.9743
      vertex 2.72311 32.2311 47.9286
    endloop
  endfacet
  facet normal -0.167524 0.128545 0.977452
    outer loop
      vertex 2.72311 31.8836 47.9743
      vertex 2.66088 32.15 47.9286
      vertex 2.66088 31.8025 47.9743
    endloop
  endfacet
  facet normal 0.793347 -0.608769 0
    outer loop
      vertex 17.3507 4.21948 38.6657
      vertex 17.5758 4.51283 12.5037
      vertex 17.5758 4.51283 38.4963
    endloop
  endfacet
  facet normal 0.793347 -0.608769 0
    outer loop
      vertex 17.3507 4.21948 38.6657
      vertex 17.3507 4.21948 12.3343
      vertex 17.5758 4.51283 12.5037
    endloop
  endfacet
  facet normal 0.793446 -0.608641 0
    outer loop
      vertex 17.1032 3.89683 38.9883
      vertex 17.3507 4.21948 12.3343
      vertex 17.3507 4.21948 38.6657
    endloop
  endfacet
  facet normal 0.793446 -0.608641 0
    outer loop
      vertex 17.3507 4.21948 12.3343
      vertex 17.1032 3.89683 38.9883
      vertex 17.1032 3.89683 12.0116
    endloop
  endfacet
  facet normal 0.923897 -0.382641 0
    outer loop
      vertex 17.7353 4.89771 38.2741
      vertex 17.873 5.23019 12.815
      vertex 17.873 5.23019 38.185
    endloop
  endfacet
  facet normal 0.923897 -0.382641 0
    outer loop
      vertex 17.7353 4.89771 38.2741
      vertex 17.7353 4.89771 12.7259
      vertex 17.873 5.23019 12.815
    endloop
  endfacet
  facet normal 0.923814 -0.382842 0
    outer loop
      vertex 17.5758 4.51283 38.4963
      vertex 17.7353 4.89771 12.7259
      vertex 17.7353 4.89771 38.2741
    endloop
  endfacet
  facet normal 0.923814 -0.382842 0
    outer loop
      vertex 17.7353 4.89771 12.7259
      vertex 17.5758 4.51283 38.4963
      vertex 17.5758 4.51283 12.5037
    endloop
  endfacet
  facet normal -0.0996359 0.129703 0.986534
    outer loop
      vertex 2.72311 32.2311 47.9286
      vertex 2.80421 31.9458 47.9743
      vertex 2.80421 32.2934 47.9286
    endloop
  endfacet
  facet normal -0.0995054 0.129741 0.986542
    outer loop
      vertex 2.80421 31.9458 47.9743
      vertex 2.72311 32.2311 47.9286
      vertex 2.72311 31.8836 47.9743
    endloop
  endfacet
  facet normal -0.0171081 0.130369 0.991318
    outer loop
      vertex 2.89865 32.3325 47.9286
      vertex 3 31.9983 47.9743
      vertex 3 32.3458 47.9286
    endloop
  endfacet
  facet normal -0.0172318 0.130332 0.991321
    outer loop
      vertex 3 31.9983 47.9743
      vertex 2.89865 32.3325 47.9286
      vertex 2.89865 31.9849 47.9743
    endloop
  endfacet
  facet normal 0.60878 -0.793339 0
    outer loop
      vertex 16.802 3.6657 39.2195
      vertex 17.1032 3.89683 12.0116
      vertex 17.1032 3.89683 38.9883
    endloop
  endfacet
  facet normal 0.608754 -0.793359 0
    outer loop
      vertex 16.802 3.6657 11.7805
      vertex 16.802 3.6657 39.2195
      vertex 16.4872 3.42415 39.6379
    endloop
  endfacet
  facet normal 0.60878 -0.793339 0
    outer loop
      vertex 16.802 3.6657 39.2195
      vertex 16.802 3.6657 11.7805
      vertex 17.1032 3.89683 12.0116
    endloop
  endfacet
  facet normal 0.608754 -0.793359 0
    outer loop
      vertex 16.802 3.6657 11.7805
      vertex 16.4872 3.42415 39.6379
      vertex 16.4872 3.42415 11.3621
    endloop
  endfacet
  facet normal -0.225533 0.126993 0.965923
    outer loop
      vertex 2.00576 32.1807 47.7716
      vertex 2.66088 32.15 47.9286
      vertex 2.00576 32.5283 47.7259
    endloop
  endfacet
  facet normal -0.22553 0.127029 0.965919
    outer loop
      vertex 2.66088 32.15 47.9286
      vertex 2.00576 32.1807 47.7716
      vertex 2.66088 31.8025 47.9743
    endloop
  endfacet
  facet normal 0.991455 -0.130447 0
    outer loop
      vertex 17.9288 5.65418 38.0714
      vertex 17.9743 6 12.9741
      vertex 17.9743 6 38.0259
    endloop
  endfacet
  facet normal 0.991455 -0.130447 0
    outer loop
      vertex 17.9288 5.65418 38.0714
      vertex 17.9288 5.65418 12.9286
      vertex 17.9743 6 12.9741
    endloop
  endfacet
  facet normal 0.991451 -0.130482 0
    outer loop
      vertex 17.873 5.23019 38.185
      vertex 17.9288 5.65418 12.9286
      vertex 17.9288 5.65418 38.0714
    endloop
  endfacet
  facet normal 0.991451 -0.130482 0
    outer loop
      vertex 17.9288 5.65418 12.9286
      vertex 17.873 5.23019 38.185
      vertex 17.873 5.23019 12.815
    endloop
  endfacet
  facet normal 1 0 0
    outer loop
      vertex 17.9743 6.00175 12.9743
      vertex 17.9743 25.0257 16.3916
      vertex 17.9743 25.0257 34.6084
    endloop
  endfacet
  facet normal 1 0 0
    outer loop
      vertex 17.9743 21.6084 38.0257
      vertex 17.9743 25.0257 34.6084
      vertex 17.9743 25 35
    endloop
  endfacet
  facet normal 1 0 0
    outer loop
      vertex 17.9743 22 38
      vertex 17.9743 25 35
      vertex 17.9743 24.8978 35.7764
    endloop
  endfacet
  facet normal 1 0 0
    outer loop
      vertex 17.9743 25.0257 34.6084
      vertex 17.9743 21.6084 38.0257
      vertex 17.9743 6.00175 38.0257
    endloop
  endfacet
  facet normal 1 0 0
    outer loop
      vertex 17.9743 24.5981 36.5
      vertex 17.9743 24.8978 35.7764
      vertex 17.9743 24.8978 35.7765
    endloop
  endfacet
  facet normal 1 0 -0
    outer loop
      vertex 17.9743 22 13
      vertex 17.9743 25 16
      vertex 17.9743 21.6084 12.9743
    endloop
  endfacet
  facet normal 1 0 0
    outer loop
      vertex 17.9743 25 16
      vertex 17.9743 22 13
      vertex 17.9743 24.8978 15.2236
    endloop
  endfacet
  facet normal 1 0 0
    outer loop
      vertex 17.9743 24.8978 35.7764
      vertex 17.9743 24.5981 36.5
      vertex 17.9743 22 38
    endloop
  endfacet
  facet normal 1 0 0
    outer loop
      vertex 17.9743 6.00175 12.9743
      vertex 17.9743 25.0257 34.6084
      vertex 17.9743 6.00175 38.0257
    endloop
  endfacet
  facet normal 1 0 0
    outer loop
      vertex 17.9743 22 38
      vertex 17.9743 24.5981 36.5
      vertex 17.9743 24.1213 37.1213
    endloop
  endfacet
  facet normal 1 0 -0
    outer loop
      vertex 17.9743 24.5981 14.5
      vertex 17.9743 24.8978 15.2236
      vertex 17.9743 22 13
    endloop
  endfacet
  facet normal 1 0 0
    outer loop
      vertex 17.9743 22 38
      vertex 17.9743 24.1213 37.1213
      vertex 17.9743 23.5 37.5981
    endloop
  endfacet
  facet normal 1 0 0
    outer loop
      vertex 17.9743 24.8978 15.2236
      vertex 17.9743 24.5981 14.5
      vertex 17.9743 24.8978 15.2235
    endloop
  endfacet
  facet normal 1 -0 0
    outer loop
      vertex 17.9743 22.7764 37.8978
      vertex 17.9743 23.5 37.5981
      vertex 17.9743 22.7765 37.8978
    endloop
  endfacet
  facet normal 1 0 0
    outer loop
      vertex 17.9743 23.5 37.5981
      vertex 17.9743 22.7764 37.8978
      vertex 17.9743 22 38
    endloop
  endfacet
  facet normal 1 0 0
    outer loop
      vertex 17.9743 24.5981 14.5
      vertex 17.9743 22 13
      vertex 17.9743 24.1213 13.8787
    endloop
  endfacet
  facet normal 1 0 0
    outer loop
      vertex 17.9743 24.1213 13.8787
      vertex 17.9743 22 13
      vertex 17.9743 23.5 13.4019
    endloop
  endfacet
  facet normal 1 0 0
    outer loop
      vertex 17.9743 25 35
      vertex 17.9743 22 38
      vertex 17.9743 21.6084 38.0257
    endloop
  endfacet
  facet normal 1 0 0
    outer loop
      vertex 17.9743 23.5 13.4019
      vertex 17.9743 22 13
      vertex 17.9743 22.7765 13.1022
    endloop
  endfacet
  facet normal -1 -0 0
    outer loop
      vertex 17.9743 22.7765 13.1022
      vertex 17.9743 22 13
      vertex 17.9743 22.7764 13.1022
    endloop
  endfacet
  facet normal 1 0 -0
    outer loop
      vertex 17.9743 21.6084 12.9743
      vertex 17.9743 25.0257 16.3916
      vertex 17.9743 6.00175 12.9743
    endloop
  endfacet
  facet normal 1 0 0
    outer loop
      vertex 17.9743 25.0257 16.3916
      vertex 17.9743 21.6084 12.9743
      vertex 17.9743 25 16
    endloop
  endfacet
  facet normal 1 0 0
    outer loop
      vertex 17.9743 6 38.0259
      vertex 17.9743 6.00175 12.9743
      vertex 17.9743 6.00175 38.0257
    endloop
  endfacet
  facet normal 1 0 0
    outer loop
      vertex 17.9743 6.00175 12.9743
      vertex 17.9743 6 38.0259
      vertex 17.9743 6 12.9741
    endloop
  endfacet
  facet normal -0.704449 0.0927426 0.703669
    outer loop
      vertex 0.619941 31.9542 46.7805
      vertex 0.701039 32.2227 46.8263
      vertex 0.701039 32.5702 46.7805
    endloop
  endfacet
  facet normal -0.704449 0.0927426 0.703669
    outer loop
      vertex 0.701039 32.2227 46.8263
      vertex 0.619941 31.9542 46.7805
      vertex 0.619941 31.6067 46.8263
    endloop
  endfacet
  facet normal -0.300196 0.124339 0.945739
    outer loop
      vertex 1.89107 32.2514 47.7259
      vertex 2.00576 32.1807 47.7716
      vertex 2.00576 32.5283 47.7259
    endloop
  endfacet
  facet normal -0.300196 0.124339 0.945739
    outer loop
      vertex 2.00576 32.1807 47.7716
      vertex 1.89107 32.2514 47.7259
      vertex 1.89107 31.9038 47.7716
    endloop
  endfacet
  facet normal -0.965367 0.0340909 0.258659
    outer loop
      vertex 0.0256662 31.6067 45.3916
      vertex 0.228362 31.9542 46.1023
      vertex 0.0256662 31.9542 45.3458
    endloop
  endfacet
  facet normal -0.965361 0.0340208 0.258692
    outer loop
      vertex 0.228362 31.9542 46.1023
      vertex 0.0256662 31.6067 45.3916
      vertex 0.228362 31.6067 46.148
    endloop
  endfacet
  facet normal -0.0538895 0.130162 0.990027
    outer loop
      vertex 2.80421 32.2934 47.9286
      vertex 2.89865 31.9849 47.9743
      vertex 2.89865 32.3325 47.9286
    endloop
  endfacet
  facet normal -0.0538895 0.130162 0.990027
    outer loop
      vertex 2.89865 31.9849 47.9743
      vertex 2.80421 32.2934 47.9286
      vertex 2.80421 31.9458 47.9743
    endloop
  endfacet
  facet normal -0.487031 0.114092 0.865901
    outer loop
      vertex 1.23595 32.0793 47.3801
      vertex 1.89107 32.2514 47.7259
      vertex 1.23595 32.4269 47.3343
    endloop
  endfacet
  facet normal -0.486995 0.113849 0.865953
    outer loop
      vertex 1.89107 32.2514 47.7259
      vertex 1.23595 32.0793 47.3801
      vertex 1.89107 31.9038 47.7716
    endloop
  endfacet
  facet normal -0.864148 0.0656162 0.498942
    outer loop
      vertex 0.228362 31.6067 46.148
      vertex 0.619941 31.9542 46.7805
      vertex 0.228362 31.9542 46.1023
    endloop
  endfacet
  facet normal -0.864172 0.0657519 0.498882
    outer loop
      vertex 0.619941 31.9542 46.7805
      vertex 0.228362 31.6067 46.148
      vertex 0.619941 31.6067 46.8263
    endloop
  endfacet
  facet normal -0.704057 0.0927934 0.704054
    outer loop
      vertex 0.701039 32.2227 46.8263
      vertex 1.23595 32.4269 47.3343
      vertex 0.701039 32.5702 46.7805
    endloop
  endfacet
  facet normal -0.704054 0.0927676 0.704061
    outer loop
      vertex 1.23595 32.4269 47.3343
      vertex 0.701039 32.2227 46.8263
      vertex 1.23595 32.0793 47.3801
    endloop
  endfacet
  facet normal -0.130518 -0.991446 0
    outer loop
      vertex 99.2302 3.12701 10.5533
      vertex 99.6524 3.07143 40.6542
      vertex 99.2302 3.12701 40.4467
    endloop
  endfacet
  facet normal -0.130518 -0.991446 0
    outer loop
      vertex 99.6524 3.07143 10.3458
      vertex 99.6524 3.07143 40.6542
      vertex 99.2302 3.12701 10.5533
    endloop
  endfacet
  facet normal -0.130519 -0.991446 -0
    outer loop
      vertex 99.6524 3.07143 40.6542
      vertex 99.6524 3.07143 10.3458
      vertex 100 3.02567 41.0017
    endloop
  endfacet
  facet normal -0.130519 -0.991446 -0
    outer loop
      vertex 100 3.02567 41.0017
      vertex 99.6524 3.07143 10.3458
      vertex 100 3.02567 9.99825
    endloop
  endfacet
  facet normal -0 0.130388 0.991463
    outer loop
      vertex 100 32.3458 47.9286
      vertex 112 31.9983 47.9743
      vertex 112 32.3458 47.9286
    endloop
  endfacet
  facet normal 0 0.130388 0.991463
    outer loop
      vertex 112 31.9983 47.9743
      vertex 100 32.3458 47.9286
      vertex 100 31.9983 47.9743
    endloop
  endfacet
  facet normal -0.991455 -0.130447 0
    outer loop
      vertex 97.0712 5.65418 12.9286
      vertex 97.0257 6 38.0259
      vertex 97.0257 6 12.9741
    endloop
  endfacet
  facet normal -0.991455 -0.130447 0
    outer loop
      vertex 97.0712 5.65418 12.9286
      vertex 97.0712 5.65418 38.0714
      vertex 97.0257 6 38.0259
    endloop
  endfacet
  facet normal -0.991451 -0.130482 0
    outer loop
      vertex 97.127 5.23019 12.815
      vertex 97.0712 5.65418 38.0714
      vertex 97.0712 5.65418 12.9286
    endloop
  endfacet
  facet normal -0.991451 -0.130482 0
    outer loop
      vertex 97.0712 5.65418 38.0714
      vertex 97.127 5.23019 12.815
      vertex 97.127 5.23019 38.185
    endloop
  endfacet
  facet normal 0.965586 0.0339119 0.257864
    outer loop
      vertex 114.974 31.6067 45.3916
      vertex 114.772 31.9542 46.1023
      vertex 114.772 31.6067 46.148
    endloop
  endfacet
  facet normal 0.965592 0.0339818 0.257832
    outer loop
      vertex 114.772 31.9542 46.1023
      vertex 114.974 31.6067 45.3916
      vertex 114.974 31.9542 45.3458
    endloop
  endfacet
  facet normal -0.793217 -0.608939 0
    outer loop
      vertex 97.6493 4.21948 12.3343
      vertex 97.4241 4.51283 38.4963
      vertex 97.4241 4.51283 12.5037
    endloop
  endfacet
  facet normal -0.793217 -0.608939 0
    outer loop
      vertex 97.6493 4.21948 12.3343
      vertex 97.6493 4.21948 38.6657
      vertex 97.4241 4.51283 38.4963
    endloop
  endfacet
  facet normal -0.793446 -0.608641 0
    outer loop
      vertex 97.8968 3.89683 12.0116
      vertex 97.6493 4.21948 38.6657
      vertex 97.6493 4.21948 12.3343
    endloop
  endfacet
  facet normal -0.793446 -0.608641 0
    outer loop
      vertex 97.6493 4.21948 38.6657
      vertex 97.8968 3.89683 12.0116
      vertex 97.8968 3.89683 38.9883
    endloop
  endfacet
  facet normal 0.275125 0.125356 0.953201
    outer loop
      vertex 100 32.3458 47.9286
      vertex 99.9999 32.2312 47.9437
      vertex 100 31.9983 47.9743
    endloop
  endfacet
  facet normal 0.0997577 0.129701 0.986522
    outer loop
      vertex 112.196 31.9458 47.9743
      vertex 112.277 32.2311 47.9286
      vertex 112.196 32.2934 47.9286
    endloop
  endfacet
  facet normal 0.099627 0.129739 0.98653
    outer loop
      vertex 112.277 32.2311 47.9286
      vertex 112.196 31.9458 47.9743
      vertex 112.277 31.8836 47.9743
    endloop
  endfacet
  facet normal -0.60878 -0.793339 0
    outer loop
      vertex 97.8968 3.89683 12.0116
      vertex 98.198 3.6657 39.2195
      vertex 97.8968 3.89683 38.9883
    endloop
  endfacet
  facet normal -0.60878 -0.793339 0
    outer loop
      vertex 98.198 3.6657 11.7805
      vertex 98.198 3.6657 39.2195
      vertex 97.8968 3.89683 12.0116
    endloop
  endfacet
  facet normal -0.608754 -0.793359 -0
    outer loop
      vertex 98.198 3.6657 39.2195
      vertex 98.198 3.6657 11.7805
      vertex 98.5128 3.42415 39.6379
    endloop
  endfacet
  facet normal -0.608754 -0.793359 -0
    outer loop
      vertex 98.5128 3.42415 39.6379
      vertex 98.198 3.6657 11.7805
      vertex 98.5128 3.42415 11.3621
    endloop
  endfacet
  facet normal -1 0 0
    outer loop
      vertex 97.0257 21.6084 12.9743
      vertex 97.0257 25.0257 16.3916
      vertex 97.0257 25 16
    endloop
  endfacet
  facet normal -1 -0 0
    outer loop
      vertex 97.0257 25.0257 16.3916
      vertex 97.0257 6.00175 12.9743
      vertex 97.0257 25.0257 34.6084
    endloop
  endfacet
  facet normal -1 0 0
    outer loop
      vertex 97.0257 22 13
      vertex 97.0257 25 16
      vertex 97.0257 24.8978 15.2236
    endloop
  endfacet
  facet normal -1 0 0
    outer loop
      vertex 97.0257 25.0257 16.3916
      vertex 97.0257 21.6084 12.9743
      vertex 97.0257 6.00175 12.9743
    endloop
  endfacet
  facet normal -1 0 0
    outer loop
      vertex 97.0257 24.5981 14.5
      vertex 97.0257 24.8978 15.2236
      vertex 97.0257 24.8978 15.2235
    endloop
  endfacet
  facet normal -1 0 0
    outer loop
      vertex 97.0257 6.00175 38.0257
      vertex 97.0257 25.0257 34.6084
      vertex 97.0257 6.00175 12.9743
    endloop
  endfacet
  facet normal -1 -0 -0
    outer loop
      vertex 97.0257 22 38
      vertex 97.0257 25 35
      vertex 97.0257 21.6084 38.0257
    endloop
  endfacet
  facet normal -1 0 0
    outer loop
      vertex 97.0257 24.8978 15.2236
      vertex 97.0257 24.5981 14.5
      vertex 97.0257 22 13
    endloop
  endfacet
  facet normal -1 0 0
    outer loop
      vertex 97.0257 25 35
      vertex 97.0257 22 38
      vertex 97.0257 24.8978 35.7764
    endloop
  endfacet
  facet normal -1 0 0
    outer loop
      vertex 97.0257 22 13
      vertex 97.0257 24.5981 14.5
      vertex 97.0257 24.1213 13.8787
    endloop
  endfacet
  facet normal -1 -0 -0
    outer loop
      vertex 97.0257 24.5981 36.5
      vertex 97.0257 24.8978 35.7764
      vertex 97.0257 22 38
    endloop
  endfacet
  facet normal -1 0 0
    outer loop
      vertex 97.0257 22 13
      vertex 97.0257 24.1213 13.8787
      vertex 97.0257 23.5 13.4019
    endloop
  endfacet
  facet normal -1 0 0
    outer loop
      vertex 97.0257 24.8978 35.7764
      vertex 97.0257 24.5981 36.5
      vertex 97.0257 24.8978 35.7765
    endloop
  endfacet
  facet normal -1 0 0
    outer loop
      vertex 97.0257 22 13
      vertex 97.0257 23.5 13.4019
      vertex 97.0257 22.7765 13.1022
    endloop
  endfacet
  facet normal -1 0 0
    outer loop
      vertex 97.0257 24.5981 36.5
      vertex 97.0257 22 38
      vertex 97.0257 24.1213 37.1213
    endloop
  endfacet
  facet normal 1 0 0
    outer loop
      vertex 97.0257 22 13
      vertex 97.0257 22.7765 13.1022
      vertex 97.0257 22.7764 13.1022
    endloop
  endfacet
  facet normal -1 0 0
    outer loop
      vertex 97.0257 23.5 37.5981
      vertex 97.0257 22.7764 37.8978
      vertex 97.0257 22.7765 37.8978
    endloop
  endfacet
  facet normal -1 0 0
    outer loop
      vertex 97.0257 25 16
      vertex 97.0257 22 13
      vertex 97.0257 21.6084 12.9743
    endloop
  endfacet
  facet normal -1 0 0
    outer loop
      vertex 97.0257 24.1213 37.1213
      vertex 97.0257 22 38
      vertex 97.0257 23.5 37.5981
    endloop
  endfacet
  facet normal -1 -0 -0
    outer loop
      vertex 97.0257 22.7764 37.8978
      vertex 97.0257 23.5 37.5981
      vertex 97.0257 22 38
    endloop
  endfacet
  facet normal -1 -0 -0
    outer loop
      vertex 97.0257 21.6084 38.0257
      vertex 97.0257 25.0257 34.6084
      vertex 97.0257 6.00175 38.0257
    endloop
  endfacet
  facet normal -1 0 0
    outer loop
      vertex 97.0257 25.0257 34.6084
      vertex 97.0257 21.6084 38.0257
      vertex 97.0257 25 35
    endloop
  endfacet
  facet normal -1 0 0
    outer loop
      vertex 97.0257 6 12.9741
      vertex 97.0257 6.00175 38.0257
      vertex 97.0257 6.00175 12.9743
    endloop
  endfacet
  facet normal -1 -0 0
    outer loop
      vertex 97.0257 6.00175 38.0257
      vertex 97.0257 6 12.9741
      vertex 97.0257 6 38.0259
    endloop
  endfacet
  facet normal 0.225572 0.126992 0.965914
    outer loop
      vertex 112.339 32.15 47.9286
      vertex 112.994 32.1807 47.7716
      vertex 112.994 32.5283 47.7259
    endloop
  endfacet
  facet normal 0.22557 0.127028 0.96591
    outer loop
      vertex 112.994 32.1807 47.7716
      vertex 112.339 32.15 47.9286
      vertex 112.339 31.8025 47.9743
    endloop
  endfacet
  facet normal 0.704878 0.0926869 0.703247
    outer loop
      vertex 114.299 32.2227 46.8263
      vertex 114.38 31.9542 46.7805
      vertex 114.299 32.5702 46.7805
    endloop
  endfacet
  facet normal 0.704878 0.0926869 0.703247
    outer loop
      vertex 114.38 31.9542 46.7805
      vertex 114.299 32.2227 46.8263
      vertex 114.38 31.6067 46.8263
    endloop
  endfacet
  facet normal -0.923897 -0.382641 0
    outer loop
      vertex 97.2647 4.89771 12.7259
      vertex 97.127 5.23019 38.185
      vertex 97.127 5.23019 12.815
    endloop
  endfacet
  facet normal -0.923897 -0.382641 0
    outer loop
      vertex 97.2647 4.89771 12.7259
      vertex 97.2647 4.89771 38.2741
      vertex 97.127 5.23019 38.185
    endloop
  endfacet
  facet normal -0.923899 -0.382637 0
    outer loop
      vertex 97.4241 4.51283 12.5037
      vertex 97.2647 4.89771 38.2741
      vertex 97.2647 4.89771 12.7259
    endloop
  endfacet
  facet normal -0.923899 -0.382637 0
    outer loop
      vertex 97.2647 4.89771 38.2741
      vertex 97.4241 4.51283 12.5037
      vertex 97.4241 4.51283 38.4963
    endloop
  endfacet
  facet normal -0.382687 -0.923878 0
    outer loop
      vertex 98.5128 3.42415 11.3621
      vertex 98.875 3.27412 39.8977
      vertex 98.5128 3.42415 39.6379
    endloop
  endfacet
  facet normal -0.382687 -0.923878 0
    outer loop
      vertex 98.875 3.27412 11.1023
      vertex 98.875 3.27412 39.8977
      vertex 98.5128 3.42415 11.3621
    endloop
  endfacet
  facet normal -0.382642 -0.923897 -0
    outer loop
      vertex 98.875 3.27412 39.8977
      vertex 98.875 3.27412 11.1023
      vertex 99.2302 3.12701 40.4467
    endloop
  endfacet
  facet normal -0.382642 -0.923897 -0
    outer loop
      vertex 99.2302 3.12701 40.4467
      vertex 98.875 3.27412 11.1023
      vertex 99.2302 3.12701 10.5533
    endloop
  endfacet
  facet normal 0.168128 0.128532 0.97735
    outer loop
      vertex 112.277 31.8836 47.9743
      vertex 112.339 32.15 47.9286
      vertex 112.277 32.2311 47.9286
    endloop
  endfacet
  facet normal 0.168128 0.128532 0.97735
    outer loop
      vertex 112.339 32.15 47.9286
      vertex 112.277 31.8836 47.9743
      vertex 112.339 31.8025 47.9743
    endloop
  endfacet
  facet normal 0.0171674 0.130369 0.991317
    outer loop
      vertex 112 31.9983 47.9743
      vertex 112.101 32.3325 47.9286
      vertex 112 32.3458 47.9286
    endloop
  endfacet
  facet normal 0.0172915 0.130332 0.99132
    outer loop
      vertex 112.101 32.3325 47.9286
      vertex 112 31.9983 47.9743
      vertex 112.101 31.9849 47.9743
    endloop
  endfacet
  facet normal 0.0535728 0.130164 0.990044
    outer loop
      vertex 112.101 31.9849 47.9743
      vertex 112.196 32.2934 47.9286
      vertex 112.101 32.3325 47.9286
    endloop
  endfacet
  facet normal 0.0535728 0.130164 0.990044
    outer loop
      vertex 112.196 32.2934 47.9286
      vertex 112.101 31.9849 47.9743
      vertex 112.196 31.9458 47.9743
    endloop
  endfacet
  facet normal 0.863937 0.0658047 0.499282
    outer loop
      vertex 114.772 31.6067 46.148
      vertex 114.38 31.9542 46.7805
      vertex 114.38 31.6067 46.8263
    endloop
  endfacet
  facet normal 0.863913 0.0656689 0.499342
    outer loop
      vertex 114.38 31.9542 46.7805
      vertex 114.772 31.6067 46.148
      vertex 114.772 31.9542 46.1023
    endloop
  endfacet
  facet normal 0.487099 0.114087 0.865863
    outer loop
      vertex 113.109 32.2514 47.7259
      vertex 113.764 32.0793 47.3801
      vertex 113.764 32.4269 47.3343
    endloop
  endfacet
  facet normal 0.487063 0.113844 0.865915
    outer loop
      vertex 113.764 32.0793 47.3801
      vertex 113.109 32.2514 47.7259
      vertex 113.109 31.9038 47.7716
    endloop
  endfacet
  facet normal 0.29946 0.124369 0.945968
    outer loop
      vertex 112.994 32.1807 47.7716
      vertex 113.109 32.2514 47.7259
      vertex 112.994 32.5283 47.7259
    endloop
  endfacet
  facet normal 0.29946 0.124369 0.945968
    outer loop
      vertex 113.109 32.2514 47.7259
      vertex 112.994 32.1807 47.7716
      vertex 113.109 31.9038 47.7716
    endloop
  endfacet
  facet normal 0.703998 0.092801 0.704112
    outer loop
      vertex 113.764 32.4269 47.3343
      vertex 114.299 32.2227 46.8263
      vertex 114.299 32.5702 46.7805
    endloop
  endfacet
  facet normal 0.703995 0.0927752 0.704119
    outer loop
      vertex 114.299 32.2227 46.8263
      vertex 113.764 32.4269 47.3343
      vertex 113.764 32.0793 47.3801
    endloop
  endfacet
  facet normal -0.958209 0.126093 0.256781
    outer loop
      vertex 44.627 14.7698 60.3916
      vertex 44.5257 14 60.3916
      vertex 44.7284 14 61.148
    endloop
  endfacet
  facet normal 0.258676 -0.0340387 0.965364
    outer loop
      vertex 68.648 6 62.7716
      vertex 67.8782 5.89865 62.9743
      vertex 68.6089 5.70286 62.7716
    endloop
  endfacet
  facet normal -0.991451 -0.130466 0.00165986
    outer loop
      vertex 44.5885 5.36321 47.8506
      vertex 44.627 5.23019 60.3916
      vertex 44.5257 6 60.3916
    endloop
  endfacet
  facet normal -0.991508 -0.130031 0.00166464
    outer loop
      vertex 44.627 5.23019 60.3916
      vertex 44.5885 5.36321 47.8506
      vertex 44.6066 5.22472 47.8135
    endloop
  endfacet
  facet normal -0.965918 0 0.258847
    outer loop
      vertex 44.5257 6 60.3916
      vertex 44.7284 14 61.148
      vertex 44.5257 14 60.3916
    endloop
  endfacet
  facet normal -0.965918 0 0.258847
    outer loop
      vertex 44.7284 14 61.148
      vertex 44.5257 6 60.3916
      vertex 44.7284 6 61.148
    endloop
  endfacet
  facet normal 0.130468 0.991451 0.00166407
    outer loop
      vertex 67.6447 16.9761 47.9743
      vertex 67.5 16.9743 60.3916
      vertex 68.2698 16.873 60.3916
    endloop
  endfacet
  facet normal 0.130862 0.991399 0.00166866
    outer loop
      vertex 67.5 16.9743 60.3916
      vertex 67.6447 16.9761 47.9743
      vertex 67.5 16.9952 47.9743
    endloop
  endfacet
  facet normal -0.793539 0.608517 0.00165996
    outer loop
      vertex 44.9241 15.4872 60.3916
      vertex 44.9949 15.6134 47.9743
      vertex 44.9061 15.4976 47.9743
    endloop
  endfacet
  facet normal -0.793336 0.608782 0.00166382
    outer loop
      vertex 44.9949 15.6134 47.9743
      vertex 44.9241 15.4872 60.3916
      vertex 45.3968 16.1032 60.3916
    endloop
  endfacet
  facet normal -0.892889 0.3699 0.256756
    outer loop
      vertex 45.0997 15.3858 61.148
      vertex 44.627 14.7698 60.3916
      vertex 44.8228 14.7174 61.148
    endloop
  endfacet
  facet normal -0.158795 0.207026 0.965362
    outer loop
      vertex 46.926 14.9942 62.7716
      vertex 46.6882 14.8118 62.7716
      vertex 47.3042 14.3391 62.9743
    endloop
  endfacet
  facet normal 0.766712 0.588352 0.256896
    outer loop
      vertex 69.6032 16.1032 60.3916
      vertex 69.4598 15.9598 61.148
      vertex 70.0759 15.4872 60.3916
    endloop
  endfacet
  facet normal -0.958207 -0.126096 0.256785
    outer loop
      vertex 44.7284 6 61.148
      vertex 44.627 5.23019 60.3916
      vertex 44.8228 5.28265 61.148
    endloop
  endfacet
  facet normal 0.192569 -0.464826 0.864207
    outer loop
      vertex 68.4131 4.41839 62.3801
      vertex 67.7971 4.89107 62.7716
      vertex 67.9727 4.23594 62.3801
    endloop
  endfacet
  facet normal 0.793336 0.608782 0.00166382
    outer loop
      vertex 70.0759 15.4872 60.3916
      vertex 70.0051 15.6134 47.9743
      vertex 69.6032 16.1032 60.3916
    endloop
  endfacet
  facet normal 0.793539 0.608517 0.00165996
    outer loop
      vertex 70.0051 15.6134 47.9743
      vertex 70.0759 15.4872 60.3916
      vertex 70.0939 15.4976 47.9743
    endloop
  endfacet
  facet normal -0.126093 0.958209 0.256781
    outer loop
      vertex 47.5 16.9743 60.3916
      vertex 46.7302 16.873 60.3916
      vertex 47.5 16.7716 61.148
    endloop
  endfacet
  facet normal 0.258695 0.0342203 0.965353
    outer loop
      vertex 68.648 14 62.7716
      vertex 67.8782 14.1013 62.9743
      vertex 67.8916 14 62.9743
    endloop
  endfacet
  facet normal -0.793289 0.608843 0.00165989
    outer loop
      vertex 45.3821 16.1179 47.9743
      vertex 44.9949 15.6134 47.9743
      vertex 45.3968 16.1032 60.3916
    endloop
  endfacet
  facet normal 0.608767 -0.793347 0.00166422
    outer loop
      vertex 69.6032 3.89683 60.3916
      vertex 69.3392 3.6657 46.7805
      vertex 69.6191 3.88093 46.9958
    endloop
  endfacet
  facet normal 0.608666 -0.793425 0.00166748
    outer loop
      vertex 69.3392 3.6657 46.7805
      vertex 69.6032 3.89683 60.3916
      vertex 69.0511 3.44388 46.3963
    endloop
  endfacet
  facet normal 0.991418 -0.130719 0.00165435
    outer loop
      vertex 70.373 5.23019 60.3916
      vertex 70.4497 5.65418 47.9286
      vertex 70.4763 5.85626 47.9552
    endloop
  endfacet
  facet normal 0.991457 -0.130421 0.00166473
    outer loop
      vertex 70.4497 5.65418 47.9286
      vertex 70.373 5.23019 60.3916
      vertex 70.3934 5.22472 47.8135
    endloop
  endfacet
  facet normal 0.704062 0.0926939 0.704062
    outer loop
      vertex 69.799 14.616 61.8263
      vertex 69.3263 14 62.3801
      vertex 69.8801 14 61.8263
    endloop
  endfacet
  facet normal -0.130522 -0.991445 -4.77177e-05
    outer loop
      vertex 47.3033 3.0259 45
      vertex 47.5 3 45.1
      vertex 47.2033 3.03906 45.1
    endloop
  endfacet
  facet normal -0.130546 -0.991442 -0
    outer loop
      vertex 47.5 3 45.1
      vertex 47.3033 3.0259 45
      vertex 47.5 3 45
    endloop
  endfacet
  facet normal -0.0926768 -0.704088 0.704039
    outer loop
      vertex 47.0273 4.23594 62.3801
      vertex 46.884 3.70104 61.8263
      vertex 47.5 4.17372 62.3801
    endloop
  endfacet
  facet normal 0.608744 0.793365 0.00165986
    outer loop
      vertex 69.6179 16.1179 47.9743
      vertex 69.1134 16.505 47.9743
      vertex 69.6032 16.1032 60.3916
    endloop
  endfacet
  facet normal -0.991445 0.130515 0.00166874
    outer loop
      vertex 44.5878 14.6305 47.9743
      vertex 44.5048 14 47.9743
      vertex 44.5257 14 60.3916
    endloop
  endfacet
  facet normal 0.306263 -0.399198 0.864202
    outer loop
      vertex 68.7914 4.70862 62.3801
      vertex 68.3118 5.18821 62.7716
      vertex 68.4131 4.41839 62.3801
    endloop
  endfacet
  facet normal 0.52838 -0.68856 0.496689
    outer loop
      vertex 69.183 4.31704 61.8263
      vertex 68.8858 3.59969 61.148
      vertex 69.4598 4.04016 61.148
    endloop
  endfacet
  facet normal -0.0340603 -0.258674 0.965364
    outer loop
      vertex 47.3987 5.62176 62.9743
      vertex 47.2029 4.89107 62.7716
      vertex 47.5 4.85195 62.7716
    endloop
  endfacet
  facet normal -0.608701 0.793398 0.00166351
    outer loop
      vertex 45.4979 16.2068 47.9743
      vertex 45.3968 16.1032 60.3916
      vertex 46.0128 16.5758 60.3916
    endloop
  endfacet
  facet normal -0.608948 0.793208 0.00165992
    outer loop
      vertex 45.3968 16.1032 60.3916
      vertex 45.4979 16.2068 47.9743
      vertex 45.3821 16.1179 47.9743
    endloop
  endfacet
  facet normal -0.892907 0.369783 0.256862
    outer loop
      vertex 44.9241 15.4872 60.3916
      vertex 44.627 14.7698 60.3916
      vertex 45.0997 15.3858 61.148
    endloop
  endfacet
  facet normal -0.958211 0.126087 0.256775
    outer loop
      vertex 44.8228 14.7174 61.148
      vertex 44.627 14.7698 60.3916
      vertex 44.7284 14 61.148
    endloop
  endfacet
  facet normal -0.991399 0.130862 0.0016617
    outer loop
      vertex 44.5878 14.6305 47.9743
      vertex 44.627 14.7698 60.3916
      vertex 44.6069 14.7752 47.9743
    endloop
  endfacet
  facet normal -0.991451 0.130468 0.00166628
    outer loop
      vertex 44.627 14.7698 60.3916
      vertex 44.5878 14.6305 47.9743
      vertex 44.5257 14 60.3916
    endloop
  endfacet
  facet normal -0.923851 0.382749 0.00166189
    outer loop
      vertex 44.8503 15.3627 47.9743
      vertex 44.6069 14.7752 47.9743
      vertex 44.627 14.7698 60.3916
    endloop
  endfacet
  facet normal 0.56345 0.432231 0.70406
    outer loop
      vertex 69.183 15.683 61.8263
      vertex 68.7914 15.2914 62.3801
      vertex 69.0816 14.9131 62.3801
    endloop
  endfacet
  facet normal -0.192602 0.464779 0.864225
    outer loop
      vertex 47.0273 15.7641 62.3801
      vertex 46.5869 15.5816 62.3801
      vertex 47.2029 15.1089 62.7716
    endloop
  endfacet
  facet normal -0.528423 0.68857 0.496629
    outer loop
      vertex 46.1142 16.4003 61.148
      vertex 45.5402 15.9598 61.148
      vertex 45.817 15.683 61.8263
    endloop
  endfacet
  facet normal 0.965918 -0 0.258847
    outer loop
      vertex 70.2716 6 61.148
      vertex 70.4743 14 60.3916
      vertex 70.2716 14 61.148
    endloop
  endfacet
  facet normal 0.965918 0 0.258847
    outer loop
      vertex 70.4743 14 60.3916
      vertex 70.2716 6 61.148
      vertex 70.4743 6 60.3916
    endloop
  endfacet
  facet normal -0.113286 -0.86047 0.496746
    outer loop
      vertex 47.5 3.61994 61.8263
      vertex 46.884 3.70104 61.8263
      vertex 47.5 3.22836 61.148
    endloop
  endfacet
  facet normal -0.999999 0 0.00168313
    outer loop
      vertex 44.5048 6.00175 47.9743
      vertex 44.5257 14 60.3916
      vertex 44.5048 14 47.9743
    endloop
  endfacet
  facet normal -0.999999 -0.000192355 0.00168311
    outer loop
      vertex 44.5257 6 60.3916
      vertex 44.5048 6.00175 47.9743
      vertex 44.5048 6 47.9741
    endloop
  endfacet
  facet normal -0.999999 0 0.00168313
    outer loop
      vertex 44.5048 6.00175 47.9743
      vertex 44.5257 6 60.3916
      vertex 44.5257 14 60.3916
    endloop
  endfacet
  facet normal -0.958209 -0.126092 0.256781
    outer loop
      vertex 44.7284 6 61.148
      vertex 44.5257 6 60.3916
      vertex 44.627 5.23019 60.3916
    endloop
  endfacet
  facet normal 0 -0.70712 0.707094
    outer loop
      vertex 47.5 3.61994 61.8263
      vertex 67.5 4.17372 62.3801
      vertex 47.5 4.17372 62.3801
    endloop
  endfacet
  facet normal 0 -0.70712 0.707094
    outer loop
      vertex 67.5 4.17372 62.3801
      vertex 47.5 3.61994 61.8263
      vertex 67.5 3.61994 61.8263
    endloop
  endfacet
  facet normal 0.271873 0.65607 0.704029
    outer loop
      vertex 68.116 16.299 61.8263
      vertex 67.9727 15.7641 62.3801
      vertex 68.4131 15.5816 62.3801
    endloop
  endfacet
  facet normal 0.399188 -0.306272 0.864203
    outer loop
      vertex 69.0816 5.08686 62.3801
      vertex 68.3118 5.18821 62.7716
      vertex 68.7914 4.70862 62.3801
    endloop
  endfacet
  facet normal -0.688558 -0.528396 0.496675
    outer loop
      vertex 45.817 4.31704 61.8263
      vertex 45.0997 4.61418 61.148
      vertex 45.5402 4.04016 61.148
    endloop
  endfacet
  facet normal -0.801823 0.332174 0.49673
    outer loop
      vertex 45.0997 15.3858 61.148
      vertex 44.8228 14.7174 61.148
      vertex 45.201 14.616 61.8263
    endloop
  endfacet
  facet normal -0.130862 0.991399 0.00166866
    outer loop
      vertex 47.3553 16.9761 47.9743
      vertex 47.5 16.9743 60.3916
      vertex 47.5 16.9952 47.9743
    endloop
  endfacet
  facet normal -0.130468 0.991451 0.00166407
    outer loop
      vertex 47.5 16.9743 60.3916
      vertex 47.3553 16.9761 47.9743
      vertex 46.7302 16.873 60.3916
    endloop
  endfacet
  facet normal -0.860496 0.11323 0.496714
    outer loop
      vertex 44.8228 14.7174 61.148
      vertex 44.7284 14 61.148
      vertex 45.201 14.616 61.8263
    endloop
  endfacet
  facet normal -0.306213 0.399219 0.864209
    outer loop
      vertex 46.926 14.9942 62.7716
      vertex 46.5869 15.5816 62.3801
      vertex 46.6882 14.8118 62.7716
    endloop
  endfacet
  facet normal -0.923897 -0.382639 0.00166232
    outer loop
      vertex 44.8576 4.61767 47.5642
      vertex 44.9241 4.51283 60.3916
      vertex 44.627 5.23019 60.3916
    endloop
  endfacet
  facet normal -0.923844 -0.382766 0.00166101
    outer loop
      vertex 44.9241 4.51283 60.3916
      vertex 44.8576 4.61767 47.5642
      vertex 44.9054 4.50201 47.4974
    endloop
  endfacet
  facet normal -0.38273 0.923859 0.00166085
    outer loop
      vertex 46.1373 16.6497 47.9743
      vertex 46.0128 16.5758 60.3916
      vertex 46.7302 16.873 60.3916
    endloop
  endfacet
  facet normal -0.38223 0.924066 0.00166709
    outer loop
      vertex 46.0128 16.5758 60.3916
      vertex 46.1373 16.6497 47.9743
      vertex 46.0024 16.5939 47.9743
    endloop
  endfacet
  facet normal -0.588274 0.766772 0.256893
    outer loop
      vertex 46.0128 16.5758 60.3916
      vertex 45.3968 16.1032 60.3916
      vertex 45.5402 15.9598 61.148
    endloop
  endfacet
  facet normal -0.0656608 -0.498841 0.864203
    outer loop
      vertex 47.2029 4.89107 62.7716
      vertex 47.0273 4.23594 62.3801
      vertex 47.5 4.17372 62.3801
    endloop
  endfacet
  facet normal 0.130515 0.991445 0.00166162
    outer loop
      vertex 68.2752 16.8931 47.9743
      vertex 67.6447 16.9761 47.9743
      vertex 68.2698 16.873 60.3916
    endloop
  endfacet
  facet normal -0.924066 0.38223 0.00165965
    outer loop
      vertex 44.8503 15.3627 47.9743
      vertex 44.9241 15.4872 60.3916
      vertex 44.9061 15.4976 47.9743
    endloop
  endfacet
  facet normal -0.923904 0.38262 0.00165478
    outer loop
      vertex 44.9241 15.4872 60.3916
      vertex 44.8503 15.3627 47.9743
      vertex 44.627 14.7698 60.3916
    endloop
  endfacet
  facet normal -0.608744 0.793365 0.00166629
    outer loop
      vertex 46.0024 16.5939 47.9743
      vertex 45.4979 16.2068 47.9743
      vertex 46.0128 16.5758 60.3916
    endloop
  endfacet
  facet normal -0.130518 -0.991445 0.001664
    outer loop
      vertex 46.7237 3.10281 45.4629
      vertex 47.5 3.02567 60.3916
      vertex 46.7302 3.12701 60.3916
    endloop
  endfacet
  facet normal -0.130623 -0.991431 0.0016695
    outer loop
      vertex 47.5 3.02567 60.3916
      vertex 46.7237 3.10281 45.4629
      vertex 46.7415 3.10045 45.4541
    endloop
  endfacet
  facet normal 0.991451 0.130468 0.00166407
    outer loop
      vertex 70.4743 14 60.3916
      vertex 70.4761 14.1447 47.9743
      vertex 70.373 14.7698 60.3916
    endloop
  endfacet
  facet normal 0.991399 0.130862 0.00166866
    outer loop
      vertex 70.4761 14.1447 47.9743
      vertex 70.4743 14 60.3916
      vertex 70.4952 14 47.9743
    endloop
  endfacet
  facet normal 0.991445 0.130515 0.00166162
    outer loop
      vertex 70.3931 14.7752 47.9743
      vertex 70.373 14.7698 60.3916
      vertex 70.4761 14.1447 47.9743
    endloop
  endfacet
  facet normal -0.892905 -0.369803 0.25684
    outer loop
      vertex 45.0997 4.61418 61.148
      vertex 44.627 5.23019 60.3916
      vertex 44.9241 4.51283 60.3916
    endloop
  endfacet
  facet normal -0.892896 -0.369864 0.256785
    outer loop
      vertex 44.8228 5.28265 61.148
      vertex 44.627 5.23019 60.3916
      vertex 45.0997 4.61418 61.148
    endloop
  endfacet
  facet normal 0.0656461 0.49881 0.864222
    outer loop
      vertex 67.5 15.8263 62.3801
      vertex 67.5 15.148 62.7716
      vertex 67.7971 15.1089 62.7716
    endloop
  endfacet
  facet normal -0.801844 -0.332147 0.496713
    outer loop
      vertex 45.201 5.384 61.8263
      vertex 44.8228 5.28265 61.148
      vertex 45.0997 4.61418 61.148
    endloop
  endfacet
  facet normal -0.608766 -0.793348 0.00166422
    outer loop
      vertex 45.3809 3.88093 46.9958
      vertex 46.0128 3.42415 60.3916
      vertex 45.3968 3.89683 60.3916
    endloop
  endfacet
  facet normal -0.608814 -0.793311 0.00166778
    outer loop
      vertex 46.0128 3.42415 60.3916
      vertex 45.3809 3.88093 46.9958
      vertex 45.4549 3.82402 46.9388
    endloop
  endfacet
  facet normal -0.766716 -0.588374 0.256831
    outer loop
      vertex 45.0997 4.61418 61.148
      vertex 44.9241 4.51283 60.3916
      vertex 45.5402 4.04016 61.148
    endloop
  endfacet
  facet normal 0.399212 0.306242 0.864203
    outer loop
      vertex 68.7914 15.2914 62.3801
      vertex 68.3118 14.8118 62.7716
      vertex 69.0816 14.9131 62.3801
    endloop
  endfacet
  facet normal 0.588365 -0.76673 0.256811
    outer loop
      vertex 69.4598 4.04016 61.148
      vertex 68.8858 3.59969 61.148
      vertex 68.9872 3.42415 60.3916
    endloop
  endfacet
  facet normal -0.369889 -0.892896 0.256746
    outer loop
      vertex 46.7826 3.3228 61.148
      vertex 46.1142 3.59969 61.148
      vertex 46.7302 3.12701 60.3916
    endloop
  endfacet
  facet normal -0.332155 -0.801808 0.496766
    outer loop
      vertex 46.884 3.70104 61.8263
      vertex 46.1142 3.59969 61.148
      vertex 46.7826 3.3228 61.148
    endloop
  endfacet
  facet normal 0.126143 -0.958206 0.256767
    outer loop
      vertex 67.5 3.22836 61.148
      vertex 67.5 3.02567 60.3916
      vertex 68.2698 3.12701 60.3916
    endloop
  endfacet
  facet normal 0.130546 -0.991442 0
    outer loop
      vertex 67.6967 3.0259 45
      vertex 67.5 3 45.1
      vertex 67.5 3 45
    endloop
  endfacet
  facet normal 0.130522 -0.991445 -4.77177e-05
    outer loop
      vertex 67.5 3 45.1
      vertex 67.6967 3.0259 45
      vertex 67.7967 3.03906 45.1
    endloop
  endfacet
  facet normal 0 -1 0
    outer loop
      vertex 47.5 3 45
      vertex 67.5 3 45.1
      vertex 47.5 3 45.1
    endloop
  endfacet
  facet normal 0 -1 -0
    outer loop
      vertex 67.5 3 45.1
      vertex 47.5 3 45
      vertex 67.5 3 45
    endloop
  endfacet
  facet normal 0.588396 0.766719 0.256772
    outer loop
      vertex 68.9872 16.5758 60.3916
      vertex 68.8858 16.4003 61.148
      vertex 69.4598 15.9598 61.148
    endloop
  endfacet
  facet normal 0.11323 0.860496 0.496714
    outer loop
      vertex 68.2174 16.6772 61.148
      vertex 67.5 16.7716 61.148
      vertex 68.116 16.299 61.8263
    endloop
  endfacet
  facet normal -0.0926939 0.704062 0.704062
    outer loop
      vertex 47.5 16.3801 61.8263
      vertex 46.884 16.299 61.8263
      vertex 47.5 15.8263 62.3801
    endloop
  endfacet
  facet normal 0.793289 0.608843 0.00165989
    outer loop
      vertex 69.6179 16.1179 47.9743
      vertex 69.6032 16.1032 60.3916
      vertex 70.0051 15.6134 47.9743
    endloop
  endfacet
  facet normal 0.382664 -0.923886 0.00166369
    outer loop
      vertex 68.2698 3.12701 60.3916
      vertex 68.999 3.40371 46.3267
      vertex 68.9872 3.42415 60.3916
    endloop
  endfacet
  facet normal 0.382358 -0.924013 0.00164533
    outer loop
      vertex 68.999 3.40371 46.3267
      vertex 68.2698 3.12701 60.3916
      vertex 68.9433 3.38059 46.2867
    endloop
  endfacet
  facet normal -0.113292 0.860514 0.49667
    outer loop
      vertex 47.5 16.7716 61.148
      vertex 46.884 16.299 61.8263
      vertex 47.5 16.3801 61.8263
    endloop
  endfacet
  facet normal 0 -0.999999 0.00168111
    outer loop
      vertex 47.5 3.02567 60.3916
      vertex 57.5 3.02249 58.5
      vertex 67.5 3.02567 60.3916
    endloop
  endfacet
  facet normal -3.62622e-07 -0.999999 0.0016792
    outer loop
      vertex 47.5 3.02567 60.3916
      vertex 56.5941 3.02229 58.3807
      vertex 57.5 3.02249 58.5
    endloop
  endfacet
  facet normal 9.80785e-07 -0.999999 0.00168527
    outer loop
      vertex 47.5 3.02567 60.3916
      vertex 55.75 3.0217 58.0311
      vertex 56.5941 3.02229 58.3807
    endloop
  endfacet
  facet normal -2.03959e-06 -0.999999 0.00167472
    outer loop
      vertex 47.5 3.02567 60.3916
      vertex 55.0251 3.02077 57.4749
      vertex 55.75 3.0217 58.0311
    endloop
  endfacet
  facet normal 8.99223e-07 -0.999999 0.0016823
    outer loop
      vertex 47.5 3.02567 60.3916
      vertex 54.4689 3.01955 56.75
      vertex 55.0251 3.02077 57.4749
    endloop
  endfacet
  facet normal -4.36528e-06 -0.999999 0.00167222
    outer loop
      vertex 47.5 3.02567 60.3916
      vertex 54.1193 3.01814 55.9059
      vertex 54.4689 3.01955 56.75
    endloop
  endfacet
  facet normal -4.84263e-07 -0.999999 0.00167795
    outer loop
      vertex 47.5 3.02567 60.3916
      vertex 54 3.01662 55
      vertex 54.1193 3.01814 55.9059
    endloop
  endfacet
  facet normal -6.03034e-07 -0.999999 0.00167781
    outer loop
      vertex 47.5 3.02567 60.3916
      vertex 54.1193 3.0151 54.0941
      vertex 54 3.01662 55
    endloop
  endfacet
  facet normal 2.43164e-07 -0.999999 0.0016787
    outer loop
      vertex 47.5 3 45.1
      vertex 54.1193 3.0151 54.0941
      vertex 47.5 3.02567 60.3916
    endloop
  endfacet
  facet normal -2.94467e-06 -0.999999 0.00168104
    outer loop
      vertex 54.1193 3.0151 54.0941
      vertex 47.5 3 45.1
      vertex 54.4689 3.01368 53.25
    endloop
  endfacet
  facet normal 1.83385e-07 -0.999999 0.00167784
    outer loop
      vertex 56.5941 3.01094 51.6193
      vertex 47.5 3 45.1
      vertex 57.5 3.01074 51.5
    endloop
  endfacet
  facet normal -2.50661e-06 -0.999999 0.00168159
    outer loop
      vertex 55.75 3.01153 51.9689
      vertex 47.5 3 45.1
      vertex 56.5941 3.01094 51.6193
    endloop
  endfacet
  facet normal 2.60338e-06 -0.999999 0.00167545
    outer loop
      vertex 55.0251 3.01246 52.5251
      vertex 47.5 3 45.1
      vertex 55.75 3.01153 51.9689
    endloop
  endfacet
  facet normal -2.75102e-06 -0.999999 0.00168088
    outer loop
      vertex 54.4689 3.01368 53.25
      vertex 47.5 3 45.1
      vertex 55.0251 3.01246 52.5251
    endloop
  endfacet
  facet normal 3.62622e-07 -0.999999 0.0016792
    outer loop
      vertex 58.4059 3.02229 58.3807
      vertex 67.5 3.02567 60.3916
      vertex 57.5 3.02249 58.5
    endloop
  endfacet
  facet normal -9.80785e-07 -0.999999 0.00168527
    outer loop
      vertex 59.25 3.0217 58.0311
      vertex 67.5 3.02567 60.3916
      vertex 58.4059 3.02229 58.3807
    endloop
  endfacet
  facet normal 2.03959e-06 -0.999999 0.00167472
    outer loop
      vertex 59.9749 3.02077 57.4749
      vertex 67.5 3.02567 60.3916
      vertex 59.25 3.0217 58.0311
    endloop
  endfacet
  facet normal -8.99223e-07 -0.999999 0.0016823
    outer loop
      vertex 60.5311 3.01955 56.75
      vertex 67.5 3.02567 60.3916
      vertex 59.9749 3.02077 57.4749
    endloop
  endfacet
  facet normal 4.36528e-06 -0.999999 0.00167222
    outer loop
      vertex 60.8807 3.01814 55.9059
      vertex 67.5 3.02567 60.3916
      vertex 60.5311 3.01955 56.75
    endloop
  endfacet
  facet normal 4.84263e-07 -0.999999 0.00167795
    outer loop
      vertex 61 3.01662 55
      vertex 67.5 3.02567 60.3916
      vertex 60.8807 3.01814 55.9059
    endloop
  endfacet
  facet normal 6.03034e-07 -0.999999 0.00167781
    outer loop
      vertex 60.8807 3.0151 54.0941
      vertex 67.5 3.02567 60.3916
      vertex 61 3.01662 55
    endloop
  endfacet
  facet normal 2.94467e-06 -0.999999 0.00168104
    outer loop
      vertex 67.5 3 45.1
      vertex 60.8807 3.0151 54.0941
      vertex 60.5311 3.01368 53.25
    endloop
  endfacet
  facet normal 2.75102e-06 -0.999999 0.00168088
    outer loop
      vertex 67.5 3 45.1
      vertex 60.5311 3.01368 53.25
      vertex 59.9749 3.01246 52.5251
    endloop
  endfacet
  facet normal 0 -0.999999 0.00167812
    outer loop
      vertex 67.5 3 45.1
      vertex 57.5 3.01074 51.5
      vertex 47.5 3 45.1
    endloop
  endfacet
  facet normal -1.83385e-07 -0.999999 0.00167784
    outer loop
      vertex 57.5 3.01074 51.5
      vertex 67.5 3 45.1
      vertex 58.4059 3.01094 51.6193
    endloop
  endfacet
  facet normal -2.43164e-07 -0.999999 0.0016787
    outer loop
      vertex 60.8807 3.0151 54.0941
      vertex 67.5 3 45.1
      vertex 67.5 3.02567 60.3916
    endloop
  endfacet
  facet normal -2.60338e-06 -0.999999 0.00167545
    outer loop
      vertex 59.25 3.01153 51.9689
      vertex 67.5 3 45.1
      vertex 59.9749 3.01246 52.5251
    endloop
  endfacet
  facet normal 2.50661e-06 -0.999999 0.00168159
    outer loop
      vertex 58.4059 3.01094 51.6193
      vertex 67.5 3 45.1
      vertex 59.25 3.01153 51.9689
    endloop
  endfacet
  facet normal -0.766712 0.588352 0.256896
    outer loop
      vertex 45.3968 16.1032 60.3916
      vertex 44.9241 15.4872 60.3916
      vertex 45.5402 15.9598 61.148
    endloop
  endfacet
  facet normal -0.766699 0.588381 0.256867
    outer loop
      vertex 45.5402 15.9598 61.148
      vertex 44.9241 15.4872 60.3916
      vertex 45.0997 15.3858 61.148
    endloop
  endfacet
  facet normal -0.382732 -0.923858 0.00166596
    outer loop
      vertex 46.3129 3.27412 46.1023
      vertex 46.7302 3.12701 60.3916
      vertex 46.0567 3.38059 46.2867
    endloop
  endfacet
  facet normal -0.382681 -0.923879 0.00166426
    outer loop
      vertex 46.7302 3.12701 60.3916
      vertex 46.3129 3.27412 46.1023
      vertex 46.7237 3.10281 45.4629
    endloop
  endfacet
  facet normal 0.793286 -0.608847 0.00166138
    outer loop
      vertex 70.0759 4.51283 60.3916
      vertex 69.8781 4.21948 47.3343
      vertex 70.0946 4.50201 47.4974
    endloop
  endfacet
  facet normal 0.793359 -0.608752 0.00165815
    outer loop
      vertex 69.8781 4.21948 47.3343
      vertex 70.0759 4.51283 60.3916
      vertex 69.68 3.9606 47.0754
    endloop
  endfacet
  facet normal 0.991451 -0.130466 0.00166872
    outer loop
      vertex 70.373 5.23019 60.3916
      vertex 70.4952 6 47.9741
      vertex 70.4743 6 60.3916
    endloop
  endfacet
  facet normal 0.991436 -0.13058 0.00166151
    outer loop
      vertex 70.4952 6 47.9741
      vertex 70.373 5.23019 60.3916
      vertex 70.4763 5.85626 47.9552
    endloop
  endfacet
  facet normal 0.892907 0.369783 0.256862
    outer loop
      vertex 70.0759 15.4872 60.3916
      vertex 69.9003 15.3858 61.148
      vertex 70.373 14.7698 60.3916
    endloop
  endfacet
  facet normal 0.608701 0.793398 0.00166264
    outer loop
      vertex 69.1134 16.505 47.9743
      vertex 68.9872 16.5758 60.3916
      vertex 69.6032 16.1032 60.3916
    endloop
  endfacet
  facet normal 0.608948 0.793208 0.00166623
    outer loop
      vertex 68.9872 16.5758 60.3916
      vertex 69.1134 16.505 47.9743
      vertex 68.9976 16.5939 47.9743
    endloop
  endfacet
  facet normal -0.860499 -0.113238 0.496708
    outer loop
      vertex 45.201 5.384 61.8263
      vertex 44.7284 6 61.148
      vertex 44.8228 5.28265 61.148
    endloop
  endfacet
  facet normal -0.588365 -0.76673 0.256811
    outer loop
      vertex 46.1142 3.59969 61.148
      vertex 45.5402 4.04016 61.148
      vertex 46.0128 3.42415 60.3916
    endloop
  endfacet
  facet normal -0.332142 -0.801822 0.496753
    outer loop
      vertex 46.31 3.93881 61.8263
      vertex 46.1142 3.59969 61.148
      vertex 46.884 3.70104 61.8263
    endloop
  endfacet
  facet normal -0.432236 0.563439 0.704066
    outer loop
      vertex 46.31 16.0612 61.8263
      vertex 45.817 15.683 61.8263
      vertex 46.5869 15.5816 62.3801
    endloop
  endfacet
  facet normal -0.207009 -0.158809 0.965364
    outer loop
      vertex 47.1609 5.80421 62.9743
      vertex 46.5058 5.42597 62.7716
      vertex 46.6882 5.18821 62.7716
    endloop
  endfacet
  facet normal 0.258695 -0.0342034 0.965353
    outer loop
      vertex 67.8916 6 62.9743
      vertex 67.8782 5.89865 62.9743
      vertex 68.648 6 62.7716
    endloop
  endfacet
  facet normal 0.306242 0.399212 0.864203
    outer loop
      vertex 68.4131 15.5816 62.3801
      vertex 68.3118 14.8118 62.7716
      vertex 68.7914 15.2914 62.3801
    endloop
  endfacet
  facet normal -0.60875 -0.793361 0.00166361
    outer loop
      vertex 45.6608 3.6657 46.7805
      vertex 46.0128 3.42415 60.3916
      vertex 45.4549 3.82402 46.9388
    endloop
  endfacet
  facet normal -0.608751 -0.793359 0.00166368
    outer loop
      vertex 46.0128 3.42415 60.3916
      vertex 45.6608 3.6657 46.7805
      vertex 46.001 3.40371 46.3267
    endloop
  endfacet
  facet normal -0.793336 -0.608782 0.00166009
    outer loop
      vertex 45.32 3.9606 47.0754
      vertex 45.3968 3.89683 60.3916
      vertex 44.9241 4.51283 60.3916
    endloop
  endfacet
  facet normal -0.79367 -0.608346 0.00166411
    outer loop
      vertex 45.3968 3.89683 60.3916
      vertex 45.32 3.9606 47.0754
      vertex 45.3809 3.88093 46.9958
    endloop
  endfacet
  facet normal -0.923872 -0.382697 0.00166483
    outer loop
      vertex 44.7419 4.89771 47.7259
      vertex 44.627 5.23019 60.3916
      vertex 44.6066 5.22472 47.8135
    endloop
  endfacet
  facet normal -0.923884 -0.382668 0.00166397
    outer loop
      vertex 44.627 5.23019 60.3916
      vertex 44.7419 4.89771 47.7259
      vertex 44.8576 4.61767 47.5642
    endloop
  endfacet
  facet normal 0.563439 0.432236 0.704066
    outer loop
      vertex 69.183 15.683 61.8263
      vertex 69.0816 14.9131 62.3801
      vertex 69.5612 15.19 61.8263
    endloop
  endfacet
  facet normal -0.241073 -0.0998089 0.965361
    outer loop
      vertex 47.1218 5.89865 62.9743
      vertex 46.5058 5.42597 62.7716
      vertex 47.1609 5.80421 62.9743
    endloop
  endfacet
  facet normal -0.0656353 0.498807 0.864224
    outer loop
      vertex 47.5 15.8263 62.3801
      vertex 47.0273 15.7641 62.3801
      vertex 47.2029 15.1089 62.7716
    endloop
  endfacet
  facet normal -0 0.499888 0.86609
    outer loop
      vertex 47.5 15.8263 62.3801
      vertex 67.5 15.148 62.7716
      vertex 67.5 15.8263 62.3801
    endloop
  endfacet
  facet normal 0 0.499888 0.86609
    outer loop
      vertex 67.5 15.148 62.7716
      vertex 47.5 15.8263 62.3801
      vertex 47.5 15.148 62.7716
    endloop
  endfacet
  facet normal 0.999999 0 0.00168313
    outer loop
      vertex 70.4743 14 60.3916
      vertex 70.4952 6.00175 47.9743
      vertex 70.4952 14 47.9743
    endloop
  endfacet
  facet normal 0.999999 -0 0.00168313
    outer loop
      vertex 70.4743 6 60.3916
      vertex 70.4952 6.00175 47.9743
      vertex 70.4743 14 60.3916
    endloop
  endfacet
  facet normal 0.999999 -0.000192355 0.00168311
    outer loop
      vertex 70.4952 6.00175 47.9743
      vertex 70.4743 6 60.3916
      vertex 70.4952 6 47.9741
    endloop
  endfacet
  facet normal 0.688579 -0.528312 0.496735
    outer loop
      vertex 69.5612 4.80997 61.8263
      vertex 69.183 4.31704 61.8263
      vertex 69.9003 4.61418 61.148
    endloop
  endfacet
  facet normal -0.52838 -0.68856 0.496689
    outer loop
      vertex 45.817 4.31704 61.8263
      vertex 45.5402 4.04016 61.148
      vertex 46.1142 3.59969 61.148
    endloop
  endfacet
  facet normal 0.12614 -0.958207 0.256765
    outer loop
      vertex 68.2174 3.3228 61.148
      vertex 67.5 3.22836 61.148
      vertex 68.2698 3.12701 60.3916
    endloop
  endfacet
  facet normal -0.192548 0.464835 0.864207
    outer loop
      vertex 47.2029 15.1089 62.7716
      vertex 46.5869 15.5816 62.3801
      vertex 46.926 14.9942 62.7716
    endloop
  endfacet
  facet normal -0.126087 0.958211 0.256775
    outer loop
      vertex 47.5 16.7716 61.148
      vertex 46.7302 16.873 60.3916
      vertex 46.7826 16.6772 61.148
    endloop
  endfacet
  facet normal 0.588274 0.766772 0.256893
    outer loop
      vertex 69.6032 16.1032 60.3916
      vertex 68.9872 16.5758 60.3916
      vertex 69.4598 15.9598 61.148
    endloop
  endfacet
  facet normal 0.528423 0.68857 0.496629
    outer loop
      vertex 69.4598 15.9598 61.148
      vertex 68.8858 16.4003 61.148
      vertex 69.183 15.683 61.8263
    endloop
  endfacet
  facet normal 0.38223 0.924066 0.00166709
    outer loop
      vertex 68.8627 16.6497 47.9743
      vertex 68.9872 16.5758 60.3916
      vertex 68.9976 16.5939 47.9743
    endloop
  endfacet
  facet normal 0.38273 0.923859 0.00166085
    outer loop
      vertex 68.9872 16.5758 60.3916
      vertex 68.8627 16.6497 47.9743
      vertex 68.2698 16.873 60.3916
    endloop
  endfacet
  facet normal 0.3699 0.892889 0.256756
    outer loop
      vertex 68.9872 16.5758 60.3916
      vertex 68.2698 16.873 60.3916
      vertex 68.8858 16.4003 61.148
    endloop
  endfacet
  facet normal 0.382749 0.923851 0.00166189
    outer loop
      vertex 68.2752 16.8931 47.9743
      vertex 68.2698 16.873 60.3916
      vertex 68.8627 16.6497 47.9743
    endloop
  endfacet
  facet normal 0 0.707107 0.707107
    outer loop
      vertex 67.5 16.3801 61.8263
      vertex 47.5 15.8263 62.3801
      vertex 67.5 15.8263 62.3801
    endloop
  endfacet
  facet normal 0 0.707107 0.707107
    outer loop
      vertex 47.5 15.8263 62.3801
      vertex 67.5 16.3801 61.8263
      vertex 47.5 16.3801 61.8263
    endloop
  endfacet
  facet normal 0.656065 0.271798 0.704063
    outer loop
      vertex 69.5612 15.19 61.8263
      vertex 69.0816 14.9131 62.3801
      vertex 69.799 14.616 61.8263
    endloop
  endfacet
  facet normal -0.464835 0.192548 0.864207
    outer loop
      vertex 46.5058 14.574 62.7716
      vertex 45.9184 14.9131 62.3801
      vertex 46.3911 14.2971 62.7716
    endloop
  endfacet
  facet normal -0.382749 0.923851 0.00166189
    outer loop
      vertex 46.7248 16.8931 47.9743
      vertex 46.1373 16.6497 47.9743
      vertex 46.7302 16.873 60.3916
    endloop
  endfacet
  facet normal 0.688611 0.528261 0.496744
    outer loop
      vertex 69.9003 15.3858 61.148
      vertex 69.183 15.683 61.8263
      vertex 69.5612 15.19 61.8263
    endloop
  endfacet
  facet normal 0.892889 0.3699 0.256756
    outer loop
      vertex 70.373 14.7698 60.3916
      vertex 69.9003 15.3858 61.148
      vertex 70.1772 14.7174 61.148
    endloop
  endfacet
  facet normal 0.498807 0.0656353 0.864224
    outer loop
      vertex 69.2641 14.4727 62.3801
      vertex 68.6089 14.2971 62.7716
      vertex 69.3263 14 62.3801
    endloop
  endfacet
  facet normal 0.801816 0.332181 0.496737
    outer loop
      vertex 69.9003 15.3858 61.148
      vertex 69.5612 15.19 61.8263
      vertex 69.799 14.616 61.8263
    endloop
  endfacet
  facet normal 0.923851 0.382749 0.00166189
    outer loop
      vertex 70.3931 14.7752 47.9743
      vertex 70.1497 15.3627 47.9743
      vertex 70.373 14.7698 60.3916
    endloop
  endfacet
  facet normal 0.924066 0.38223 0.00165965
    outer loop
      vertex 70.0759 15.4872 60.3916
      vertex 70.1497 15.3627 47.9743
      vertex 70.0939 15.4976 47.9743
    endloop
  endfacet
  facet normal 0.923904 0.38262 0.00165478
    outer loop
      vertex 70.1497 15.3627 47.9743
      vertex 70.0759 15.4872 60.3916
      vertex 70.373 14.7698 60.3916
    endloop
  endfacet
  facet normal -0.860514 -0.113292 0.49667
    outer loop
      vertex 45.1199 6 61.8263
      vertex 44.7284 6 61.148
      vertex 45.201 5.384 61.8263
    endloop
  endfacet
  facet normal -0.704062 -0.0926939 0.704062
    outer loop
      vertex 45.6737 6 62.3801
      vertex 45.1199 6 61.8263
      vertex 45.201 5.384 61.8263
    endloop
  endfacet
  facet normal -0.369832 -0.892905 0.256797
    outer loop
      vertex 46.1142 3.59969 61.148
      vertex 46.0128 3.42415 60.3916
      vertex 46.7302 3.12701 60.3916
    endloop
  endfacet
  facet normal -0.382664 -0.923886 0.00166369
    outer loop
      vertex 46.001 3.40371 46.3267
      vertex 46.7302 3.12701 60.3916
      vertex 46.0128 3.42415 60.3916
    endloop
  endfacet
  facet normal -0.382358 -0.924013 0.00164533
    outer loop
      vertex 46.7302 3.12701 60.3916
      vertex 46.001 3.40371 46.3267
      vertex 46.0567 3.38059 46.2867
    endloop
  endfacet
  facet normal -0.588347 -0.766738 0.256829
    outer loop
      vertex 45.5402 4.04016 61.148
      vertex 45.3968 3.89683 60.3916
      vertex 46.0128 3.42415 60.3916
    endloop
  endfacet
  facet normal -0.241042 -0.0998503 0.965364
    outer loop
      vertex 47.1218 5.89865 62.9743
      vertex 46.3911 5.70286 62.7716
      vertex 46.5058 5.42597 62.7716
    endloop
  endfacet
  facet normal -0.306263 -0.399198 0.864202
    outer loop
      vertex 46.6882 5.18821 62.7716
      vertex 46.2086 4.70862 62.3801
      vertex 46.5869 4.41839 62.3801
    endloop
  endfacet
  facet normal -0.399212 0.306242 0.864203
    outer loop
      vertex 46.2086 15.2914 62.3801
      vertex 45.9184 14.9131 62.3801
      vertex 46.6882 14.8118 62.7716
    endloop
  endfacet
  facet normal -0.704062 0.0926939 0.704062
    outer loop
      vertex 45.201 14.616 61.8263
      vertex 45.1199 14 61.8263
      vertex 45.6737 14 62.3801
    endloop
  endfacet
  facet normal -0.130496 -0.991447 0.00166299
    outer loop
      vertex 46.9606 3.07143 45.3458
      vertex 47.5 3.02567 60.3916
      vertex 46.7415 3.10045 45.4541
    endloop
  endfacet
  facet normal -0.130522 -0.991444 0.00169005
    outer loop
      vertex 47.5 3 45.1
      vertex 46.9606 3.07143 45.3458
      vertex 47.2033 3.03906 45.1
    endloop
  endfacet
  facet normal -0.130533 -0.991443 0.00166433
    outer loop
      vertex 46.9606 3.07143 45.3458
      vertex 47.5 3 45.1
      vertex 47.5 3.02567 60.3916
    endloop
  endfacet
  facet normal -0.766722 -0.58836 0.256845
    outer loop
      vertex 45.5402 4.04016 61.148
      vertex 44.9241 4.51283 60.3916
      vertex 45.3968 3.89683 60.3916
    endloop
  endfacet
  facet normal -0.793286 -0.608847 0.00166138
    outer loop
      vertex 45.1219 4.21948 47.3343
      vertex 44.9241 4.51283 60.3916
      vertex 44.9054 4.50201 47.4974
    endloop
  endfacet
  facet normal -0.793359 -0.608752 0.00165815
    outer loop
      vertex 44.9241 4.51283 60.3916
      vertex 45.1219 4.21948 47.3343
      vertex 45.32 3.9606 47.0754
    endloop
  endfacet
  facet normal 0.49881 -0.0656373 0.864222
    outer loop
      vertex 68.648 6 62.7716
      vertex 68.6089 5.70286 62.7716
      vertex 69.3263 6 62.3801
    endloop
  endfacet
  facet normal 0.258847 0 0.965918
    outer loop
      vertex 67.8916 14 62.9743
      vertex 68.648 6 62.7716
      vertex 68.648 14 62.7716
    endloop
  endfacet
  facet normal 0.258847 0 0.965918
    outer loop
      vertex 68.648 6 62.7716
      vertex 67.8916 14 62.9743
      vertex 67.8916 6 62.9743
    endloop
  endfacet
  facet normal 0.49881 0.0656461 0.864222
    outer loop
      vertex 69.3263 14 62.3801
      vertex 68.6089 14.2971 62.7716
      vertex 68.648 14 62.7716
    endloop
  endfacet
  facet normal 0.588347 -0.766738 0.256829
    outer loop
      vertex 69.4598 4.04016 61.148
      vertex 68.9872 3.42415 60.3916
      vertex 69.6032 3.89683 60.3916
    endloop
  endfacet
  facet normal 0.860514 0.113292 0.49667
    outer loop
      vertex 70.2716 14 61.148
      vertex 69.799 14.616 61.8263
      vertex 69.8801 14 61.8263
    endloop
  endfacet
  facet normal 0.369832 -0.892905 0.256797
    outer loop
      vertex 68.8858 3.59969 61.148
      vertex 68.2698 3.12701 60.3916
      vertex 68.9872 3.42415 60.3916
    endloop
  endfacet
  facet normal 0.923872 -0.382697 0.00166483
    outer loop
      vertex 70.373 5.23019 60.3916
      vertex 70.2581 4.89771 47.7259
      vertex 70.3934 5.22472 47.8135
    endloop
  endfacet
  facet normal 0.923884 -0.382668 0.00166397
    outer loop
      vertex 70.2581 4.89771 47.7259
      vertex 70.373 5.23019 60.3916
      vertex 70.1424 4.61767 47.5642
    endloop
  endfacet
  facet normal 0.958207 -0.126096 0.256785
    outer loop
      vertex 70.2716 6 61.148
      vertex 70.1772 5.28265 61.148
      vertex 70.373 5.23019 60.3916
    endloop
  endfacet
  facet normal 0.958209 -0.126092 0.256781
    outer loop
      vertex 70.4743 6 60.3916
      vertex 70.2716 6 61.148
      vertex 70.373 5.23019 60.3916
    endloop
  endfacet
  facet normal 0.382732 -0.923858 0.00166596
    outer loop
      vertex 68.2698 3.12701 60.3916
      vertex 68.6871 3.27412 46.1023
      vertex 68.9433 3.38059 46.2867
    endloop
  endfacet
  facet normal 0.382681 -0.923879 0.00166426
    outer loop
      vertex 68.6871 3.27412 46.1023
      vertex 68.2698 3.12701 60.3916
      vertex 68.2763 3.10281 45.4629
    endloop
  endfacet
  facet normal 0.130518 -0.991445 0.001664
    outer loop
      vertex 67.5 3.02567 60.3916
      vertex 68.2763 3.10281 45.4629
      vertex 68.2698 3.12701 60.3916
    endloop
  endfacet
  facet normal 0.130623 -0.991431 0.0016695
    outer loop
      vertex 68.2763 3.10281 45.4629
      vertex 67.5 3.02567 60.3916
      vertex 68.2585 3.10045 45.4541
    endloop
  endfacet
  facet normal 0.158787 0.207036 0.965361
    outer loop
      vertex 68.3118 14.8118 62.7716
      vertex 67.6958 14.3391 62.9743
      vertex 67.7769 14.2769 62.9743
    endloop
  endfacet
  facet normal -0.0926956 -0.704075 0.70405
    outer loop
      vertex 47.5 4.17372 62.3801
      vertex 46.884 3.70104 61.8263
      vertex 47.5 3.61994 61.8263
    endloop
  endfacet
  facet normal 0.56342 -0.432277 0.704056
    outer loop
      vertex 69.0816 5.08686 62.3801
      vertex 68.7914 4.70862 62.3801
      vertex 69.183 4.31704 61.8263
    endloop
  endfacet
  facet normal 0 -0.258824 0.965924
    outer loop
      vertex 47.5 5.60842 62.9743
      vertex 67.5 4.85195 62.7716
      vertex 67.5 5.60842 62.9743
    endloop
  endfacet
  facet normal 0 -0.258824 0.965924
    outer loop
      vertex 67.5 4.85195 62.7716
      vertex 47.5 5.60842 62.9743
      vertex 47.5 4.85195 62.7716
    endloop
  endfacet
  facet normal 0.369889 -0.892896 0.256746
    outer loop
      vertex 68.8858 3.59969 61.148
      vertex 68.2174 3.3228 61.148
      vertex 68.2698 3.12701 60.3916
    endloop
  endfacet
  facet normal 0.113274 -0.860467 0.496755
    outer loop
      vertex 68.116 3.70104 61.8263
      vertex 67.5 3.22836 61.148
      vertex 68.2174 3.3228 61.148
    endloop
  endfacet
  facet normal -0.3699 0.892889 0.256756
    outer loop
      vertex 46.7302 16.873 60.3916
      vertex 46.0128 16.5758 60.3916
      vertex 46.1142 16.4003 61.148
    endloop
  endfacet
  facet normal -0.588396 0.766719 0.256772
    outer loop
      vertex 46.0128 16.5758 60.3916
      vertex 45.5402 15.9598 61.148
      vertex 46.1142 16.4003 61.148
    endloop
  endfacet
  facet normal -0.11323 0.860496 0.496714
    outer loop
      vertex 47.5 16.7716 61.148
      vertex 46.7826 16.6772 61.148
      vertex 46.884 16.299 61.8263
    endloop
  endfacet
  facet normal -0.332181 0.801816 0.496737
    outer loop
      vertex 46.884 16.299 61.8263
      vertex 46.1142 16.4003 61.148
      vertex 46.31 16.0612 61.8263
    endloop
  endfacet
  facet normal 0.528261 0.688611 0.496744
    outer loop
      vertex 68.8858 16.4003 61.148
      vertex 68.69 16.0612 61.8263
      vertex 69.183 15.683 61.8263
    endloop
  endfacet
  facet normal 0.332174 0.801823 0.49673
    outer loop
      vertex 68.2174 16.6772 61.148
      vertex 68.116 16.299 61.8263
      vertex 68.8858 16.4003 61.148
    endloop
  endfacet
  facet normal 0 0.965918 0.258847
    outer loop
      vertex 67.5 16.9743 60.3916
      vertex 47.5 16.7716 61.148
      vertex 67.5 16.7716 61.148
    endloop
  endfacet
  facet normal 0 0.965918 0.258847
    outer loop
      vertex 47.5 16.7716 61.148
      vertex 67.5 16.9743 60.3916
      vertex 47.5 16.9743 60.3916
    endloop
  endfacet
  facet normal -0.0656461 0.49881 0.864222
    outer loop
      vertex 47.5 15.8263 62.3801
      vertex 47.2029 15.1089 62.7716
      vertex 47.5 15.148 62.7716
    endloop
  endfacet
  facet normal 0.0342203 0.258695 0.965353
    outer loop
      vertex 67.5 15.148 62.7716
      vertex 67.5 14.3916 62.9743
      vertex 67.6013 14.3782 62.9743
    endloop
  endfacet
  facet normal 0.68857 0.528423 0.496629
    outer loop
      vertex 69.4598 15.9598 61.148
      vertex 69.183 15.683 61.8263
      vertex 69.9003 15.3858 61.148
    endloop
  endfacet
  facet normal 0.766699 0.588381 0.256867
    outer loop
      vertex 70.0759 15.4872 60.3916
      vertex 69.4598 15.9598 61.148
      vertex 69.9003 15.3858 61.148
    endloop
  endfacet
  facet normal 0.207026 0.158795 0.965362
    outer loop
      vertex 68.3118 14.8118 62.7716
      vertex 67.8391 14.1958 62.9743
      vertex 68.4942 14.574 62.7716
    endloop
  endfacet
  facet normal 0.801823 0.332174 0.49673
    outer loop
      vertex 69.9003 15.3858 61.148
      vertex 69.799 14.616 61.8263
      vertex 70.1772 14.7174 61.148
    endloop
  endfacet
  facet normal 0.958209 0.126093 0.256781
    outer loop
      vertex 70.373 14.7698 60.3916
      vertex 70.2716 14 61.148
      vertex 70.4743 14 60.3916
    endloop
  endfacet
  facet normal 0.432231 0.56345 0.70406
    outer loop
      vertex 69.183 15.683 61.8263
      vertex 68.4131 15.5816 62.3801
      vertex 68.7914 15.2914 62.3801
    endloop
  endfacet
  facet normal 0.034043 0.258675 0.965364
    outer loop
      vertex 67.7971 15.1089 62.7716
      vertex 67.5 15.148 62.7716
      vertex 67.6013 14.3782 62.9743
    endloop
  endfacet
  facet normal -0.801824 -0.332167 0.496732
    outer loop
      vertex 45.201 5.384 61.8263
      vertex 45.0997 4.61418 61.148
      vertex 45.4388 4.80997 61.8263
    endloop
  endfacet
  facet normal -0.688579 -0.528312 0.496735
    outer loop
      vertex 45.4388 4.80997 61.8263
      vertex 45.0997 4.61418 61.148
      vertex 45.817 4.31704 61.8263
    endloop
  endfacet
  facet normal -0.860514 0.113292 0.49667
    outer loop
      vertex 45.201 14.616 61.8263
      vertex 44.7284 14 61.148
      vertex 45.1199 14 61.8263
    endloop
  endfacet
  facet normal -0.704091 -0.0926514 0.704039
    outer loop
      vertex 45.6737 6 62.3801
      vertex 45.201 5.384 61.8263
      vertex 45.7359 5.52732 62.3801
    endloop
  endfacet
  facet normal -0.258695 -0.0342034 0.965353
    outer loop
      vertex 47.1084 6 62.9743
      vertex 46.352 6 62.7716
      vertex 47.1218 5.89865 62.9743
    endloop
  endfacet
  facet normal -0.258676 -0.0340387 0.965364
    outer loop
      vertex 47.1218 5.89865 62.9743
      vertex 46.352 6 62.7716
      vertex 46.3911 5.70286 62.7716
    endloop
  endfacet
  facet normal -0.801816 0.332181 0.496737
    outer loop
      vertex 45.4388 15.19 61.8263
      vertex 45.0997 15.3858 61.148
      vertex 45.201 14.616 61.8263
    endloop
  endfacet
  facet normal -0.0926478 0.704093 0.704038
    outer loop
      vertex 47.5 15.8263 62.3801
      vertex 46.884 16.299 61.8263
      vertex 47.0273 15.7641 62.3801
    endloop
  endfacet
  facet normal -0.271798 0.656065 0.704063
    outer loop
      vertex 46.884 16.299 61.8263
      vertex 46.31 16.0612 61.8263
      vertex 46.5869 15.5816 62.3801
    endloop
  endfacet
  facet normal -0.991425 -0.130663 0.00166868
    outer loop
      vertex 44.5503 5.65418 47.9286
      vertex 44.5257 6 60.3916
      vertex 44.5048 6 47.9741
    endloop
  endfacet
  facet normal -0.991433 -0.130607 0.00166712
    outer loop
      vertex 44.5257 6 60.3916
      vertex 44.5503 5.65418 47.9286
      vertex 44.5885 5.36321 47.8506
    endloop
  endfacet
  facet normal 0.704091 -0.0926514 0.704039
    outer loop
      vertex 69.3263 6 62.3801
      vertex 69.2641 5.52732 62.3801
      vertex 69.799 5.384 61.8263
    endloop
  endfacet
  facet normal 0.563415 -0.432279 0.704058
    outer loop
      vertex 69.5612 4.80997 61.8263
      vertex 69.0816 5.08686 62.3801
      vertex 69.183 4.31704 61.8263
    endloop
  endfacet
  facet normal 0.207036 0.158787 0.965361
    outer loop
      vertex 68.3118 14.8118 62.7716
      vertex 67.7769 14.2769 62.9743
      vertex 67.8391 14.1958 62.9743
    endloop
  endfacet
  facet normal 0.766716 -0.588374 0.256831
    outer loop
      vertex 69.9003 4.61418 61.148
      vertex 69.4598 4.04016 61.148
      vertex 70.0759 4.51283 60.3916
    endloop
  endfacet
  facet normal 0.688558 -0.528396 0.496675
    outer loop
      vertex 69.9003 4.61418 61.148
      vertex 69.183 4.31704 61.8263
      vertex 69.4598 4.04016 61.148
    endloop
  endfacet
  facet normal 0.766722 -0.58836 0.256845
    outer loop
      vertex 70.0759 4.51283 60.3916
      vertex 69.4598 4.04016 61.148
      vertex 69.6032 3.89683 60.3916
    endloop
  endfacet
  facet normal 0.86609 -0 0.499888
    outer loop
      vertex 69.8801 6 61.8263
      vertex 70.2716 14 61.148
      vertex 69.8801 14 61.8263
    endloop
  endfacet
  facet normal 0.86609 0 0.499888
    outer loop
      vertex 70.2716 14 61.148
      vertex 69.8801 6 61.8263
      vertex 70.2716 6 61.148
    endloop
  endfacet
  facet normal 0.130496 -0.991447 0.00166299
    outer loop
      vertex 67.5 3.02567 60.3916
      vertex 68.0394 3.07143 45.3458
      vertex 68.2585 3.10045 45.4541
    endloop
  endfacet
  facet normal 0.130533 -0.991443 0.00166433
    outer loop
      vertex 67.5 3 45.1
      vertex 68.0394 3.07143 45.3458
      vertex 67.5 3.02567 60.3916
    endloop
  endfacet
  facet normal 0.130522 -0.991444 0.00169005
    outer loop
      vertex 68.0394 3.07143 45.3458
      vertex 67.5 3 45.1
      vertex 67.7967 3.03906 45.1
    endloop
  endfacet
  facet normal -0.0340643 -0.258674 0.965364
    outer loop
      vertex 47.5 5.60842 62.9743
      vertex 47.3987 5.62176 62.9743
      vertex 47.5 4.85195 62.7716
    endloop
  endfacet
  facet normal 0.241042 -0.0998503 0.965364
    outer loop
      vertex 68.6089 5.70286 62.7716
      vertex 67.8782 5.89865 62.9743
      vertex 68.4942 5.42597 62.7716
    endloop
  endfacet
  facet normal 0.399194 -0.306246 0.864209
    outer loop
      vertex 68.4942 5.42597 62.7716
      vertex 68.3118 5.18821 62.7716
      vertex 69.0816 5.08686 62.3801
    endloop
  endfacet
  facet normal 0.207009 -0.158809 0.965364
    outer loop
      vertex 68.4942 5.42597 62.7716
      vertex 67.8391 5.80421 62.9743
      vertex 68.3118 5.18821 62.7716
    endloop
  endfacet
  facet normal 0 -0.866046 0.499965
    outer loop
      vertex 47.5 3.22836 61.148
      vertex 67.5 3.61994 61.8263
      vertex 47.5 3.61994 61.8263
    endloop
  endfacet
  facet normal 0 -0.866046 0.499965
    outer loop
      vertex 67.5 3.61994 61.8263
      vertex 47.5 3.22836 61.148
      vertex 67.5 3.22836 61.148
    endloop
  endfacet
  facet normal -0.528283 -0.688585 0.496758
    outer loop
      vertex 46.31 3.93881 61.8263
      vertex 45.817 4.31704 61.8263
      vertex 46.1142 3.59969 61.148
    endloop
  endfacet
  facet normal -0.126143 -0.958206 0.256767
    outer loop
      vertex 47.5 3.22836 61.148
      vertex 46.7302 3.12701 60.3916
      vertex 47.5 3.02567 60.3916
    endloop
  endfacet
  facet normal 0 -0.965922 0.258835
    outer loop
      vertex 47.5 3.02567 60.3916
      vertex 67.5 3.22836 61.148
      vertex 47.5 3.22836 61.148
    endloop
  endfacet
  facet normal 0 -0.965922 0.258835
    outer loop
      vertex 67.5 3.22836 61.148
      vertex 47.5 3.02567 60.3916
      vertex 67.5 3.02567 60.3916
    endloop
  endfacet
  facet normal -0.271808 -0.656092 0.704034
    outer loop
      vertex 47.0273 4.23594 62.3801
      vertex 46.5869 4.41839 62.3801
      vertex 46.884 3.70104 61.8263
    endloop
  endfacet
  facet normal -0.656077 -0.271839 0.704036
    outer loop
      vertex 45.7359 5.52732 62.3801
      vertex 45.201 5.384 61.8263
      vertex 45.9184 5.08686 62.3801
    endloop
  endfacet
  facet normal 0.113286 -0.86047 0.496746
    outer loop
      vertex 67.5 3.61994 61.8263
      vertex 67.5 3.22836 61.148
      vertex 68.116 3.70104 61.8263
    endloop
  endfacet
  facet normal 0.158822 -0.207004 0.965363
    outer loop
      vertex 68.3118 5.18821 62.7716
      vertex 67.6958 5.66088 62.9743
      vertex 68.074 5.00576 62.7716
    endloop
  endfacet
  facet normal -0.332174 0.801823 0.49673
    outer loop
      vertex 46.7826 16.6772 61.148
      vertex 46.1142 16.4003 61.148
      vertex 46.884 16.299 61.8263
    endloop
  endfacet
  facet normal -0.3699 0.892889 0.256756
    outer loop
      vertex 46.7302 16.873 60.3916
      vertex 46.1142 16.4003 61.148
      vertex 46.7826 16.6772 61.148
    endloop
  endfacet
  facet normal 0.0926939 0.704062 0.704062
    outer loop
      vertex 67.5 16.3801 61.8263
      vertex 67.5 15.8263 62.3801
      vertex 68.116 16.299 61.8263
    endloop
  endfacet
  facet normal 0.113292 0.860514 0.49667
    outer loop
      vertex 67.5 16.7716 61.148
      vertex 67.5 16.3801 61.8263
      vertex 68.116 16.299 61.8263
    endloop
  endfacet
  facet normal 0 0.999999 0.00172898
    outer loop
      vertex 67.5 16.9743 60.3916
      vertex 57.5 16.9759 59.4662
      vertex 47.5 16.9743 60.3916
    endloop
  endfacet
  facet normal 9.36806e-05 1 0.000716656
    outer loop
      vertex 67.5 16.9743 60.3916
      vertex 57.5306 16.9759 59.4622
      vertex 57.5 16.9759 59.4662
    endloop
  endfacet
  facet normal 2.01395e-05 0.999999 0.00150551
    outer loop
      vertex 67.5 16.9743 60.3916
      vertex 58.656 16.9761 59.3143
      vertex 57.5306 16.9759 59.4622
    endloop
  endfacet
  facet normal -1.61883e-05 0.999998 0.00180374
    outer loop
      vertex 67.5 16.9743 60.3916
      vertex 59.7059 16.9769 58.8802
      vertex 58.656 16.9761 59.3143
    endloop
  endfacet
  facet normal 0.00022738 1 0.000547689
    outer loop
      vertex 67.5 16.9743 60.3916
      vertex 59.7336 16.9769 58.8687
      vertex 59.7059 16.9769 58.8802
    endloop
  endfacet
  facet normal -4.38495e-06 0.999999 0.00172963
    outer loop
      vertex 67.5 16.9743 60.3916
      vertex 60.6367 16.9781 58.1772
      vertex 59.7336 16.9769 58.8687
    endloop
  endfacet
  facet normal 0.000389962 1 0.000507394
    outer loop
      vertex 67.5 16.9743 60.3916
      vertex 60.6596 16.9781 58.1596
      vertex 60.6367 16.9781 58.1772
    endloop
  endfacet
  facet normal 0.000443752 1 0.000342545
    outer loop
      vertex 67.5 16.9743 60.3916
      vertex 60.6772 16.9781 58.1368
      vertex 60.6596 16.9781 58.1596
    endloop
  endfacet
  facet normal 5.78432e-06 0.999999 0.00166779
    outer loop
      vertex 67.5 16.9743 60.3916
      vertex 61.3711 16.9796 57.235
      vertex 60.6772 16.9781 58.1368
    endloop
  endfacet
  facet normal -0.000958799 0.999993 0.00354063
    outer loop
      vertex 67.5 16.9743 60.3916
      vertex 61.3816 16.9797 57.2096
      vertex 61.3711 16.9796 57.235
    endloop
  endfacet
  facet normal 3.47956e-05 0.999999 0.00163014
    outer loop
      vertex 67.5 16.9743 60.3916
      vertex 61.8194 16.9814 56.1574
      vertex 61.3816 16.9797 57.2096
    endloop
  endfacet
  facet normal 4.05438e-07 0.999999 0.00167628
    outer loop
      vertex 67.5 16.9743 60.3916
      vertex 61.9705 16.9833 55.0239
      vertex 61.8194 16.9814 56.1574
    endloop
  endfacet
  facet normal -0.00216181 0.99999 0.00390366
    outer loop
      vertex 67.5 16.9743 60.3916
      vertex 61.9736 16.9834 55
      vertex 61.9705 16.9833 55.0239
    endloop
  endfacet
  facet normal 0.00187753 0.999998 -0.000236663
    outer loop
      vertex 67.5 16.9743 60.3916
      vertex 61.9706 16.9834 54.9762
      vertex 61.9736 16.9834 55
    endloop
  endfacet
  facet normal -2.68612e-06 0.999999 0.00168313
    outer loop
      vertex 67.5 16.9952 47.9743
      vertex 61.9706 16.9834 54.9762
      vertex 67.5 16.9743 60.3916
    endloop
  endfacet
  facet normal -1.15884e-05 0.999999 0.0016761
    outer loop
      vertex 61.9706 16.9834 54.9762
      vertex 67.5 16.9952 47.9743
      vertex 61.8231 16.9853 53.8416
    endloop
  endfacet
  facet normal 6.54687e-06 0.999999 0.00169365
    outer loop
      vertex 61.8231 16.9853 53.8416
      vertex 67.5 16.9952 47.9743
      vertex 61.3854 16.9871 52.7805
    endloop
  endfacet
  facet normal -0.00100097 0.999999 0.000411857
    outer loop
      vertex 61.3854 16.9871 52.7805
      vertex 67.5 16.9952 47.9743
      vertex 61.3775 16.9871 52.7613
    endloop
  endfacet
  facet normal 0.00215827 0.999988 0.00445246
    outer loop
      vertex 61.3775 16.9871 52.7613
      vertex 67.5 16.9952 47.9743
      vertex 61.365 16.9872 52.7449
    endloop
  endfacet
  facet normal -0.000148693 0.999999 0.0011055
    outer loop
      vertex 57.5171 16.9909 50.5212
      vertex 67.5 16.9952 47.9743
      vertex 57.5 16.9909 50.5189
    endloop
  endfacet
  facet normal 2.63939e-05 0.999998 0.00179178
    outer loop
      vertex 58.6597 16.9906 50.6718
      vertex 67.5 16.9952 47.9743
      vertex 57.5171 16.9909 50.5212
    endloop
  endfacet
  facet normal -2.09993e-05 0.999999 0.00163646
    outer loop
      vertex 59.7233 16.9899 51.1132
      vertex 67.5 16.9952 47.9743
      vertex 58.6597 16.9906 50.6718
    endloop
  endfacet
  facet normal -0.000344743 1 0.000834379
    outer loop
      vertex 59.74 16.9899 51.1201
      vertex 67.5 16.9952 47.9743
      vertex 59.7233 16.9899 51.1132
    endloop
  endfacet
  facet normal 7.11648e-06 0.999999 0.00170234
    outer loop
      vertex 60.6518 16.9887 51.8212
      vertex 67.5 16.9952 47.9743
      vertex 59.74 16.9899 51.1201
    endloop
  endfacet
  facet normal -0.000547195 1 0.000715563
    outer loop
      vertex 60.6671 16.9887 51.8329
      vertex 67.5 16.9952 47.9743
      vertex 60.6518 16.9887 51.8212
    endloop
  endfacet
  facet normal -1.56983e-05 0.999999 0.00165675
    outer loop
      vertex 61.365 16.9872 52.7449
      vertex 67.5 16.9952 47.9743
      vertex 60.6671 16.9887 51.8329
    endloop
  endfacet
  facet normal -9.36806e-05 1 0.000716656
    outer loop
      vertex 57.4694 16.9759 59.4622
      vertex 47.5 16.9743 60.3916
      vertex 57.5 16.9759 59.4662
    endloop
  endfacet
  facet normal -2.01395e-05 0.999999 0.00150551
    outer loop
      vertex 56.344 16.9761 59.3143
      vertex 47.5 16.9743 60.3916
      vertex 57.4694 16.9759 59.4622
    endloop
  endfacet
  facet normal 1.61883e-05 0.999998 0.00180374
    outer loop
      vertex 55.2941 16.9769 58.8802
      vertex 47.5 16.9743 60.3916
      vertex 56.344 16.9761 59.3143
    endloop
  endfacet
  facet normal -0.00022738 1 0.000547689
    outer loop
      vertex 55.2664 16.9769 58.8687
      vertex 47.5 16.9743 60.3916
      vertex 55.2941 16.9769 58.8802
    endloop
  endfacet
  facet normal -0.000266451 1 0.000348436
    outer loop
      vertex 55.2426 16.9769 58.8505
      vertex 47.5 16.9743 60.3916
      vertex 55.2664 16.9769 58.8687
    endloop
  endfacet
  facet normal 7.86082e-06 0.999999 0.0017266
    outer loop
      vertex 54.3404 16.9781 58.1596
      vertex 47.5 16.9743 60.3916
      vertex 55.2426 16.9769 58.8505
    endloop
  endfacet
  facet normal -0.000443752 1 0.000342545
    outer loop
      vertex 54.3228 16.9781 58.1368
      vertex 47.5 16.9743 60.3916
      vertex 54.3404 16.9781 58.1596
    endloop
  endfacet
  facet normal -5.78432e-06 0.999999 0.00166779
    outer loop
      vertex 53.6289 16.9796 57.235
      vertex 47.5 16.9743 60.3916
      vertex 54.3228 16.9781 58.1368
    endloop
  endfacet
  facet normal 0.000958799 0.999993 0.00354063
    outer loop
      vertex 53.6184 16.9797 57.2096
      vertex 47.5 16.9743 60.3916
      vertex 53.6289 16.9796 57.235
    endloop
  endfacet
  facet normal -3.47956e-05 0.999999 0.00163014
    outer loop
      vertex 53.1806 16.9814 56.1574
      vertex 47.5 16.9743 60.3916
      vertex 53.6184 16.9797 57.2096
    endloop
  endfacet
  facet normal -4.05438e-07 0.999999 0.00167628
    outer loop
      vertex 53.0295 16.9833 55.0239
      vertex 47.5 16.9743 60.3916
      vertex 53.1806 16.9814 56.1574
    endloop
  endfacet
  facet normal 0.00216181 0.99999 0.00390366
    outer loop
      vertex 53.0264 16.9834 55
      vertex 47.5 16.9743 60.3916
      vertex 53.0295 16.9833 55.0239
    endloop
  endfacet
  facet normal -0.00187753 0.999998 -0.000236663
    outer loop
      vertex 53.0294 16.9834 54.9762
      vertex 47.5 16.9743 60.3916
      vertex 53.0264 16.9834 55
    endloop
  endfacet
  facet normal 1.15884e-05 0.999999 0.0016761
    outer loop
      vertex 47.5 16.9952 47.9743
      vertex 53.0294 16.9834 54.9762
      vertex 53.1769 16.9853 53.8416
    endloop
  endfacet
  facet normal -6.54687e-06 0.999999 0.00169365
    outer loop
      vertex 47.5 16.9952 47.9743
      vertex 53.1769 16.9853 53.8416
      vertex 53.6146 16.9871 52.7805
    endloop
  endfacet
  facet normal 0.00100097 0.999999 0.000411857
    outer loop
      vertex 47.5 16.9952 47.9743
      vertex 53.6146 16.9871 52.7805
      vertex 53.6225 16.9871 52.7613
    endloop
  endfacet
  facet normal -0.00215827 0.999988 0.00445246
    outer loop
      vertex 47.5 16.9952 47.9743
      vertex 53.6225 16.9871 52.7613
      vertex 53.635 16.9872 52.7449
    endloop
  endfacet
  facet normal 1.56983e-05 0.999999 0.00165675
    outer loop
      vertex 47.5 16.9952 47.9743
      vertex 53.635 16.9872 52.7449
      vertex 54.3329 16.9887 51.8329
    endloop
  endfacet
  facet normal 0.000446527 1 0.000583301
    outer loop
      vertex 47.5 16.9952 47.9743
      vertex 55.2455 16.9899 51.1312
      vertex 55.26 16.9899 51.1201
    endloop
  endfacet
  facet normal -0 0.999999 0.00168985
    outer loop
      vertex 47.5 16.9952 47.9743
      vertex 57.5 16.9909 50.5189
      vertex 67.5 16.9952 47.9743
    endloop
  endfacet
  facet normal 0.000148693 0.999999 0.0011055
    outer loop
      vertex 57.5 16.9909 50.5189
      vertex 47.5 16.9952 47.9743
      vertex 57.4829 16.9909 50.5212
    endloop
  endfacet
  facet normal 2.68612e-06 0.999999 0.00168313
    outer loop
      vertex 53.0294 16.9834 54.9762
      vertex 47.5 16.9952 47.9743
      vertex 47.5 16.9743 60.3916
    endloop
  endfacet
  facet normal -8.32971e-06 0.999999 0.0016993
    outer loop
      vertex 55.2455 16.9899 51.1312
      vertex 47.5 16.9952 47.9743
      vertex 54.3329 16.9887 51.8329
    endloop
  endfacet
  facet normal 0.000344743 1 0.000834379
    outer loop
      vertex 55.2767 16.9899 51.1132
      vertex 47.5 16.9952 47.9743
      vertex 55.26 16.9899 51.1201
    endloop
  endfacet
  facet normal 2.09993e-05 0.999999 0.00163646
    outer loop
      vertex 56.3403 16.9906 50.6718
      vertex 47.5 16.9952 47.9743
      vertex 55.2767 16.9899 51.1132
    endloop
  endfacet
  facet normal -2.63939e-05 0.999998 0.00179178
    outer loop
      vertex 57.4829 16.9909 50.5212
      vertex 47.5 16.9952 47.9743
      vertex 56.3403 16.9906 50.6718
    endloop
  endfacet
  facet normal 0.126093 0.958209 0.256781
    outer loop
      vertex 67.5 16.9743 60.3916
      vertex 67.5 16.7716 61.148
      vertex 68.2698 16.873 60.3916
    endloop
  endfacet
  facet normal -0.86609 0 0.499888
    outer loop
      vertex 44.7284 6 61.148
      vertex 45.1199 14 61.8263
      vertex 44.7284 14 61.148
    endloop
  endfacet
  facet normal -0.86609 0 0.499888
    outer loop
      vertex 45.1199 14 61.8263
      vertex 44.7284 6 61.148
      vertex 45.1199 6 61.8263
    endloop
  endfacet
  facet normal -0.034043 0.258675 0.965364
    outer loop
      vertex 47.5 15.148 62.7716
      vertex 47.2029 15.1089 62.7716
      vertex 47.3987 14.3782 62.9743
    endloop
  endfacet
  facet normal 0.464798 -0.192584 0.864219
    outer loop
      vertex 69.2641 5.52732 62.3801
      vertex 68.6089 5.70286 62.7716
      vertex 69.0816 5.08686 62.3801
    endloop
  endfacet
  facet normal 0.499888 0 0.86609
    outer loop
      vertex 68.648 14 62.7716
      vertex 69.3263 6 62.3801
      vertex 69.3263 14 62.3801
    endloop
  endfacet
  facet normal 0.499888 0 0.86609
    outer loop
      vertex 69.3263 6 62.3801
      vertex 68.648 14 62.7716
      vertex 68.648 6 62.7716
    endloop
  endfacet
  facet normal 0.399219 0.306213 0.864209
    outer loop
      vertex 69.0816 14.9131 62.3801
      vertex 68.3118 14.8118 62.7716
      vertex 68.4942 14.574 62.7716
    endloop
  endfacet
  facet normal 0.704093 0.0926478 0.704038
    outer loop
      vertex 69.799 14.616 61.8263
      vertex 69.2641 14.4727 62.3801
      vertex 69.3263 14 62.3801
    endloop
  endfacet
  facet normal 0.432236 0.563439 0.704066
    outer loop
      vertex 68.69 16.0612 61.8263
      vertex 68.4131 15.5816 62.3801
      vertex 69.183 15.683 61.8263
    endloop
  endfacet
  facet normal 0.0926478 0.704093 0.704038
    outer loop
      vertex 68.116 16.299 61.8263
      vertex 67.5 15.8263 62.3801
      vertex 67.9727 15.7641 62.3801
    endloop
  endfacet
  facet normal -0.207036 -0.158787 0.965361
    outer loop
      vertex 47.1609 5.80421 62.9743
      vertex 46.6882 5.18821 62.7716
      vertex 47.2231 5.72311 62.9743
    endloop
  endfacet
  facet normal -0.563415 -0.432279 0.704058
    outer loop
      vertex 45.9184 5.08686 62.3801
      vertex 45.4388 4.80997 61.8263
      vertex 45.817 4.31704 61.8263
    endloop
  endfacet
  facet normal 0.158831 -0.206993 0.965363
    outer loop
      vertex 67.7769 5.72311 62.9743
      vertex 67.6958 5.66088 62.9743
      vertex 68.3118 5.18821 62.7716
    endloop
  endfacet
  facet normal 0.241073 -0.0998089 0.965361
    outer loop
      vertex 67.8782 5.89865 62.9743
      vertex 67.8391 5.80421 62.9743
      vertex 68.4942 5.42597 62.7716
    endloop
  endfacet
  facet normal -0.707107 0 0.707107
    outer loop
      vertex 45.1199 6 61.8263
      vertex 45.6737 14 62.3801
      vertex 45.1199 14 61.8263
    endloop
  endfacet
  facet normal -0.707107 0 0.707107
    outer loop
      vertex 45.6737 14 62.3801
      vertex 45.1199 6 61.8263
      vertex 45.6737 6 62.3801
    endloop
  endfacet
  facet normal -0.498807 0.0656353 0.864224
    outer loop
      vertex 45.7359 14.4727 62.3801
      vertex 45.6737 14 62.3801
      vertex 46.3911 14.2971 62.7716
    endloop
  endfacet
  facet normal -0.432231 0.56345 0.70406
    outer loop
      vertex 46.5869 15.5816 62.3801
      vertex 45.817 15.683 61.8263
      vertex 46.2086 15.2914 62.3801
    endloop
  endfacet
  facet normal -0.528261 0.688611 0.496744
    outer loop
      vertex 46.1142 16.4003 61.148
      vertex 45.817 15.683 61.8263
      vertex 46.31 16.0612 61.8263
    endloop
  endfacet
  facet normal 0.707107 -0 0.707107
    outer loop
      vertex 69.3263 6 62.3801
      vertex 69.8801 14 61.8263
      vertex 69.3263 14 62.3801
    endloop
  endfacet
  facet normal 0.707107 0 0.707107
    outer loop
      vertex 69.8801 14 61.8263
      vertex 69.3263 6 62.3801
      vertex 69.8801 6 61.8263
    endloop
  endfacet
  facet normal 0.46483 -0.192553 0.864209
    outer loop
      vertex 68.6089 5.70286 62.7716
      vertex 68.4942 5.42597 62.7716
      vertex 69.0816 5.08686 62.3801
    endloop
  endfacet
  facet normal 0.498811 -0.0656385 0.864222
    outer loop
      vertex 69.3263 6 62.3801
      vertex 68.6089 5.70286 62.7716
      vertex 69.2641 5.52732 62.3801
    endloop
  endfacet
  facet normal 0 -0.499927 0.866068
    outer loop
      vertex 47.5 4.85195 62.7716
      vertex 67.5 4.17372 62.3801
      vertex 67.5 4.85195 62.7716
    endloop
  endfacet
  facet normal 0 -0.499927 0.866068
    outer loop
      vertex 67.5 4.17372 62.3801
      vertex 47.5 4.85195 62.7716
      vertex 47.5 4.17372 62.3801
    endloop
  endfacet
  facet normal 0.0926956 -0.704075 0.70405
    outer loop
      vertex 67.5 4.17372 62.3801
      vertex 67.5 3.61994 61.8263
      vertex 68.116 3.70104 61.8263
    endloop
  endfacet
  facet normal 0.801844 -0.332147 0.496713
    outer loop
      vertex 70.1772 5.28265 61.148
      vertex 69.799 5.384 61.8263
      vertex 69.9003 4.61418 61.148
    endloop
  endfacet
  facet normal 0.892896 -0.369864 0.256785
    outer loop
      vertex 70.1772 5.28265 61.148
      vertex 69.9003 4.61418 61.148
      vertex 70.373 5.23019 60.3916
    endloop
  endfacet
  facet normal 0.0997595 0.241107 0.965358
    outer loop
      vertex 68.074 14.9942 62.7716
      vertex 67.6013 14.3782 62.9743
      vertex 67.6958 14.3391 62.9743
    endloop
  endfacet
  facet normal 0.241107 0.0997595 0.965358
    outer loop
      vertex 68.4942 14.574 62.7716
      vertex 67.8391 14.1958 62.9743
      vertex 67.8782 14.1013 62.9743
    endloop
  endfacet
  facet normal 0 0 -1
    outer loop
      vertex 47.5 3 45
      vertex 67.6967 3.0259 45
      vertex 67.5 3 45
    endloop
  endfacet
  facet normal -0 0 -1
    outer loop
      vertex 67.6967 3.0259 45
      vertex 47.5 3 45
      vertex 47.3033 3.0259 45
    endloop
  endfacet
  facet normal 0.608766 -0.793348 0.00166109
    outer loop
      vertex 68.9872 3.42415 60.3916
      vertex 69.0511 3.44388 46.3963
      vertex 69.6032 3.89683 60.3916
    endloop
  endfacet
  facet normal 0.609204 -0.793012 0.00166356
    outer loop
      vertex 69.0511 3.44388 46.3963
      vertex 68.9872 3.42415 60.3916
      vertex 68.999 3.40371 46.3267
    endloop
  endfacet
  facet normal 0.793336 -0.608782 0.00166009
    outer loop
      vertex 69.6032 3.89683 60.3916
      vertex 69.68 3.9606 47.0754
      vertex 70.0759 4.51283 60.3916
    endloop
  endfacet
  facet normal 0.79367 -0.608346 0.00166411
    outer loop
      vertex 69.68 3.9606 47.0754
      vertex 69.6032 3.89683 60.3916
      vertex 69.6191 3.88093 46.9958
    endloop
  endfacet
  facet normal 0.892905 -0.369803 0.25684
    outer loop
      vertex 70.373 5.23019 60.3916
      vertex 69.9003 4.61418 61.148
      vertex 70.0759 4.51283 60.3916
    endloop
  endfacet
  facet normal 0.923897 -0.382639 0.00166232
    outer loop
      vertex 70.0759 4.51283 60.3916
      vertex 70.1424 4.61767 47.5642
      vertex 70.373 5.23019 60.3916
    endloop
  endfacet
  facet normal 0.923844 -0.382766 0.00166101
    outer loop
      vertex 70.1424 4.61767 47.5642
      vertex 70.0759 4.51283 60.3916
      vertex 70.0946 4.50201 47.4974
    endloop
  endfacet
  facet normal 0.958211 0.126087 0.256775
    outer loop
      vertex 70.373 14.7698 60.3916
      vertex 70.1772 14.7174 61.148
      vertex 70.2716 14 61.148
    endloop
  endfacet
  facet normal 0.860496 0.11323 0.496714
    outer loop
      vertex 70.1772 14.7174 61.148
      vertex 69.799 14.616 61.8263
      vertex 70.2716 14 61.148
    endloop
  endfacet
  facet normal 0.258675 0.034043 0.965364
    outer loop
      vertex 68.6089 14.2971 62.7716
      vertex 67.8782 14.1013 62.9743
      vertex 68.648 14 62.7716
    endloop
  endfacet
  facet normal 0.207036 -0.158787 0.965361
    outer loop
      vertex 67.8391 5.80421 62.9743
      vertex 67.7769 5.72311 62.9743
      vertex 68.3118 5.18821 62.7716
    endloop
  endfacet
  facet normal -0.432265 -0.563432 0.704054
    outer loop
      vertex 46.5869 4.41839 62.3801
      vertex 45.817 4.31704 61.8263
      vertex 46.31 3.93881 61.8263
    endloop
  endfacet
  facet normal -0.271774 -0.65609 0.704049
    outer loop
      vertex 46.5869 4.41839 62.3801
      vertex 46.31 3.93881 61.8263
      vertex 46.884 3.70104 61.8263
    endloop
  endfacet
  facet normal -0.12614 -0.958207 0.256765
    outer loop
      vertex 46.7826 3.3228 61.148
      vertex 46.7302 3.12701 60.3916
      vertex 47.5 3.22836 61.148
    endloop
  endfacet
  facet normal -0.113274 -0.860467 0.496755
    outer loop
      vertex 46.884 3.70104 61.8263
      vertex 46.7826 3.3228 61.148
      vertex 47.5 3.22836 61.148
    endloop
  endfacet
  facet normal 0.528283 -0.688585 0.496758
    outer loop
      vertex 69.183 4.31704 61.8263
      vertex 68.69 3.93881 61.8263
      vertex 68.8858 3.59969 61.148
    endloop
  endfacet
  facet normal 0.0997985 -0.241078 0.965361
    outer loop
      vertex 67.6958 5.66088 62.9743
      vertex 67.6013 5.62176 62.9743
      vertex 68.074 5.00576 62.7716
    endloop
  endfacet
  facet normal 0 0.86609 0.499888
    outer loop
      vertex 67.5 16.7716 61.148
      vertex 47.5 16.3801 61.8263
      vertex 67.5 16.3801 61.8263
    endloop
  endfacet
  facet normal 0 0.86609 0.499888
    outer loop
      vertex 47.5 16.3801 61.8263
      vertex 67.5 16.7716 61.148
      vertex 47.5 16.7716 61.148
    endloop
  endfacet
  facet normal 0.3699 0.892889 0.256756
    outer loop
      vertex 68.2698 16.873 60.3916
      vertex 68.2174 16.6772 61.148
      vertex 68.8858 16.4003 61.148
    endloop
  endfacet
  facet normal 0.126087 0.958211 0.256775
    outer loop
      vertex 68.2698 16.873 60.3916
      vertex 67.5 16.7716 61.148
      vertex 68.2174 16.6772 61.148
    endloop
  endfacet
  facet normal -0.130515 0.991445 0.00166162
    outer loop
      vertex 47.3553 16.9761 47.9743
      vertex 46.7248 16.8931 47.9743
      vertex 46.7302 16.873 60.3916
    endloop
  endfacet
  facet normal 0.464779 0.192602 0.864225
    outer loop
      vertex 69.0816 14.9131 62.3801
      vertex 68.6089 14.2971 62.7716
      vertex 69.2641 14.4727 62.3801
    endloop
  endfacet
  facet normal 0.65607 0.271873 0.704029
    outer loop
      vertex 69.799 14.616 61.8263
      vertex 69.0816 14.9131 62.3801
      vertex 69.2641 14.4727 62.3801
    endloop
  endfacet
  facet normal 0.0656846 -0.498847 0.864197
    outer loop
      vertex 67.5 4.85195 62.7716
      vertex 67.5 4.17372 62.3801
      vertex 67.7971 4.89107 62.7716
    endloop
  endfacet
  facet normal 0.0340643 -0.258674 0.965364
    outer loop
      vertex 67.5 5.60842 62.9743
      vertex 67.5 4.85195 62.7716
      vertex 67.6013 5.62176 62.9743
    endloop
  endfacet
  facet normal -0.158787 0.207036 0.965361
    outer loop
      vertex 47.3042 14.3391 62.9743
      vertex 46.6882 14.8118 62.7716
      vertex 47.2231 14.2769 62.9743
    endloop
  endfacet
  facet normal -0.271873 0.65607 0.704029
    outer loop
      vertex 46.884 16.299 61.8263
      vertex 46.5869 15.5816 62.3801
      vertex 47.0273 15.7641 62.3801
    endloop
  endfacet
  facet normal -0.241042 0.0998466 0.965365
    outer loop
      vertex 46.5058 14.574 62.7716
      vertex 46.3911 14.2971 62.7716
      vertex 47.1218 14.1013 62.9743
    endloop
  endfacet
  facet normal -0.306242 0.399212 0.864203
    outer loop
      vertex 46.5869 15.5816 62.3801
      vertex 46.2086 15.2914 62.3801
      vertex 46.6882 14.8118 62.7716
    endloop
  endfacet
  facet normal -0 0.258847 0.965918
    outer loop
      vertex 47.5 15.148 62.7716
      vertex 67.5 14.3916 62.9743
      vertex 67.5 15.148 62.7716
    endloop
  endfacet
  facet normal 0 0.258847 0.965918
    outer loop
      vertex 67.5 14.3916 62.9743
      vertex 47.5 15.148 62.7716
      vertex 47.5 14.3916 62.9743
    endloop
  endfacet
  facet normal 0.192602 0.464779 0.864225
    outer loop
      vertex 67.9727 15.7641 62.3801
      vertex 67.7971 15.1089 62.7716
      vertex 68.4131 15.5816 62.3801
    endloop
  endfacet
  facet normal 0.0656353 0.498807 0.864224
    outer loop
      vertex 67.9727 15.7641 62.3801
      vertex 67.5 15.8263 62.3801
      vertex 67.7971 15.1089 62.7716
    endloop
  endfacet
  facet normal 0.158795 0.207026 0.965362
    outer loop
      vertex 68.074 14.9942 62.7716
      vertex 67.6958 14.3391 62.9743
      vertex 68.3118 14.8118 62.7716
    endloop
  endfacet
  facet normal 0.306213 0.399219 0.864209
    outer loop
      vertex 68.4131 15.5816 62.3801
      vertex 68.074 14.9942 62.7716
      vertex 68.3118 14.8118 62.7716
    endloop
  endfacet
  facet normal 0.332181 0.801816 0.496737
    outer loop
      vertex 68.8858 16.4003 61.148
      vertex 68.116 16.299 61.8263
      vertex 68.69 16.0612 61.8263
    endloop
  endfacet
  facet normal 0.271798 0.656065 0.704063
    outer loop
      vertex 68.69 16.0612 61.8263
      vertex 68.116 16.299 61.8263
      vertex 68.4131 15.5816 62.3801
    endloop
  endfacet
  facet normal -0.49881 -0.0656373 0.864222
    outer loop
      vertex 46.352 6 62.7716
      vertex 45.6737 6 62.3801
      vertex 46.3911 5.70286 62.7716
    endloop
  endfacet
  facet normal -0.498811 -0.0656385 0.864222
    outer loop
      vertex 46.3911 5.70286 62.7716
      vertex 45.6737 6 62.3801
      vertex 45.7359 5.52732 62.3801
    endloop
  endfacet
  facet normal -0.499888 0 0.86609
    outer loop
      vertex 45.6737 14 62.3801
      vertex 46.352 6 62.7716
      vertex 46.352 14 62.7716
    endloop
  endfacet
  facet normal -0.499888 0 0.86609
    outer loop
      vertex 46.352 6 62.7716
      vertex 45.6737 14 62.3801
      vertex 45.6737 6 62.3801
    endloop
  endfacet
  facet normal -0.464779 0.192602 0.864225
    outer loop
      vertex 45.9184 14.9131 62.3801
      vertex 45.7359 14.4727 62.3801
      vertex 46.3911 14.2971 62.7716
    endloop
  endfacet
  facet normal -0.68857 0.528423 0.496629
    outer loop
      vertex 45.5402 15.9598 61.148
      vertex 45.0997 15.3858 61.148
      vertex 45.817 15.683 61.8263
    endloop
  endfacet
  facet normal -0.688611 0.528261 0.496744
    outer loop
      vertex 45.817 15.683 61.8263
      vertex 45.0997 15.3858 61.148
      vertex 45.4388 15.19 61.8263
    endloop
  endfacet
  facet normal 0.656077 -0.271839 0.704036
    outer loop
      vertex 69.2641 5.52732 62.3801
      vertex 69.0816 5.08686 62.3801
      vertex 69.799 5.384 61.8263
    endloop
  endfacet
  facet normal 0.656073 -0.271788 0.704059
    outer loop
      vertex 69.799 5.384 61.8263
      vertex 69.0816 5.08686 62.3801
      vertex 69.5612 4.80997 61.8263
    endloop
  endfacet
  facet normal 0.0656608 -0.498841 0.864203
    outer loop
      vertex 67.7971 4.89107 62.7716
      vertex 67.5 4.17372 62.3801
      vertex 67.9727 4.23594 62.3801
    endloop
  endfacet
  facet normal 0.271774 -0.65609 0.704049
    outer loop
      vertex 68.4131 4.41839 62.3801
      vertex 68.116 3.70104 61.8263
      vertex 68.69 3.93881 61.8263
    endloop
  endfacet
  facet normal 0.860499 -0.113238 0.496708
    outer loop
      vertex 70.2716 6 61.148
      vertex 69.799 5.384 61.8263
      vertex 70.1772 5.28265 61.148
    endloop
  endfacet
  facet normal 0.801824 -0.332167 0.496732
    outer loop
      vertex 69.799 5.384 61.8263
      vertex 69.5612 4.80997 61.8263
      vertex 69.9003 4.61418 61.148
    endloop
  endfacet
  facet normal -0.158831 -0.206993 0.965363
    outer loop
      vertex 47.2231 5.72311 62.9743
      vertex 46.6882 5.18821 62.7716
      vertex 47.3042 5.66088 62.9743
    endloop
  endfacet
  facet normal -0.656073 -0.271788 0.704059
    outer loop
      vertex 45.9184 5.08686 62.3801
      vertex 45.201 5.384 61.8263
      vertex 45.4388 4.80997 61.8263
    endloop
  endfacet
  facet normal 0.432265 -0.563432 0.704054
    outer loop
      vertex 69.183 4.31704 61.8263
      vertex 68.4131 4.41839 62.3801
      vertex 68.69 3.93881 61.8263
    endloop
  endfacet
  facet normal 0.432264 -0.563434 0.704052
    outer loop
      vertex 68.7914 4.70862 62.3801
      vertex 68.4131 4.41839 62.3801
      vertex 69.183 4.31704 61.8263
    endloop
  endfacet
  facet normal 0.241042 0.0998466 0.965365
    outer loop
      vertex 68.4942 14.574 62.7716
      vertex 67.8782 14.1013 62.9743
      vertex 68.6089 14.2971 62.7716
    endloop
  endfacet
  facet normal 0.464835 0.192548 0.864207
    outer loop
      vertex 69.0816 14.9131 62.3801
      vertex 68.4942 14.574 62.7716
      vertex 68.6089 14.2971 62.7716
    endloop
  endfacet
  facet normal -0.0998466 0.241042 0.965365
    outer loop
      vertex 47.2029 15.1089 62.7716
      vertex 46.926 14.9942 62.7716
      vertex 47.3987 14.3782 62.9743
    endloop
  endfacet
  facet normal -0.0997595 0.241107 0.965358
    outer loop
      vertex 47.3987 14.3782 62.9743
      vertex 46.926 14.9942 62.7716
      vertex 47.3042 14.3391 62.9743
    endloop
  endfacet
  facet normal -0.656065 0.271798 0.704063
    outer loop
      vertex 45.4388 15.19 61.8263
      vertex 45.201 14.616 61.8263
      vertex 45.9184 14.9131 62.3801
    endloop
  endfacet
  facet normal 0.0998466 0.241042 0.965365
    outer loop
      vertex 67.7971 15.1089 62.7716
      vertex 67.6013 14.3782 62.9743
      vertex 68.074 14.9942 62.7716
    endloop
  endfacet
  facet normal 0.192548 0.464835 0.864207
    outer loop
      vertex 68.4131 15.5816 62.3801
      vertex 67.7971 15.1089 62.7716
      vertex 68.074 14.9942 62.7716
    endloop
  endfacet
  facet normal -0.399194 -0.306246 0.864209
    outer loop
      vertex 46.5058 5.42597 62.7716
      vertex 45.9184 5.08686 62.3801
      vertex 46.6882 5.18821 62.7716
    endloop
  endfacet
  facet normal 0.860514 -0.113292 0.49667
    outer loop
      vertex 69.8801 6 61.8263
      vertex 69.799 5.384 61.8263
      vertex 70.2716 6 61.148
    endloop
  endfacet
  facet normal 0.704062 -0.0926939 0.704062
    outer loop
      vertex 69.8801 6 61.8263
      vertex 69.3263 6 62.3801
      vertex 69.799 5.384 61.8263
    endloop
  endfacet
  facet normal 0.09984 -0.241047 0.965364
    outer loop
      vertex 68.074 5.00576 62.7716
      vertex 67.6013 5.62176 62.9743
      vertex 67.7971 4.89107 62.7716
    endloop
  endfacet
  facet normal 0.0340603 -0.258674 0.965364
    outer loop
      vertex 67.6013 5.62176 62.9743
      vertex 67.5 4.85195 62.7716
      vertex 67.7971 4.89107 62.7716
    endloop
  endfacet
  facet normal -0.46483 -0.192553 0.864209
    outer loop
      vertex 46.3911 5.70286 62.7716
      vertex 45.9184 5.08686 62.3801
      vertex 46.5058 5.42597 62.7716
    endloop
  endfacet
  facet normal -0.464798 -0.192584 0.864219
    outer loop
      vertex 46.3911 5.70286 62.7716
      vertex 45.7359 5.52732 62.3801
      vertex 45.9184 5.08686 62.3801
    endloop
  endfacet
  facet normal -0.192569 -0.464826 0.864207
    outer loop
      vertex 47.2029 4.89107 62.7716
      vertex 46.5869 4.41839 62.3801
      vertex 47.0273 4.23594 62.3801
    endloop
  endfacet
  facet normal -0.399188 -0.306272 0.864203
    outer loop
      vertex 46.6882 5.18821 62.7716
      vertex 45.9184 5.08686 62.3801
      vertex 46.2086 4.70862 62.3801
    endloop
  endfacet
  facet normal -0.0656846 -0.498847 0.864197
    outer loop
      vertex 47.5 4.85195 62.7716
      vertex 47.2029 4.89107 62.7716
      vertex 47.5 4.17372 62.3801
    endloop
  endfacet
  facet normal -0.0997985 -0.241078 0.965361
    outer loop
      vertex 47.3042 5.66088 62.9743
      vertex 46.926 5.00576 62.7716
      vertex 47.3987 5.62176 62.9743
    endloop
  endfacet
  facet normal 0.332155 -0.801808 0.496766
    outer loop
      vertex 68.8858 3.59969 61.148
      vertex 68.116 3.70104 61.8263
      vertex 68.2174 3.3228 61.148
    endloop
  endfacet
  facet normal 0.332142 -0.801822 0.496753
    outer loop
      vertex 68.69 3.93881 61.8263
      vertex 68.116 3.70104 61.8263
      vertex 68.8858 3.59969 61.148
    endloop
  endfacet
  facet normal -0.0342203 0.258695 0.965353
    outer loop
      vertex 47.5 15.148 62.7716
      vertex 47.3987 14.3782 62.9743
      vertex 47.5 14.3916 62.9743
    endloop
  endfacet
  facet normal -0.399219 0.306213 0.864209
    outer loop
      vertex 46.6882 14.8118 62.7716
      vertex 45.9184 14.9131 62.3801
      vertex 46.5058 14.574 62.7716
    endloop
  endfacet
  facet normal -0.56345 0.432231 0.70406
    outer loop
      vertex 46.2086 15.2914 62.3801
      vertex 45.817 15.683 61.8263
      vertex 45.9184 14.9131 62.3801
    endloop
  endfacet
  facet normal -0.563439 0.432236 0.704066
    outer loop
      vertex 45.817 15.683 61.8263
      vertex 45.4388 15.19 61.8263
      vertex 45.9184 14.9131 62.3801
    endloop
  endfacet
  facet normal -0.258847 0 0.965918
    outer loop
      vertex 46.352 14 62.7716
      vertex 47.1084 6 62.9743
      vertex 47.1084 14 62.9743
    endloop
  endfacet
  facet normal -0.258847 0 0.965918
    outer loop
      vertex 47.1084 6 62.9743
      vertex 46.352 14 62.7716
      vertex 46.352 6 62.7716
    endloop
  endfacet
  facet normal 0.0926768 -0.704088 0.704039
    outer loop
      vertex 67.9727 4.23594 62.3801
      vertex 67.5 4.17372 62.3801
      vertex 68.116 3.70104 61.8263
    endloop
  endfacet
  facet normal 0.271808 -0.656092 0.704034
    outer loop
      vertex 68.4131 4.41839 62.3801
      vertex 67.9727 4.23594 62.3801
      vertex 68.116 3.70104 61.8263
    endloop
  endfacet
  facet normal 0.19254 -0.464857 0.864197
    outer loop
      vertex 68.074 5.00576 62.7716
      vertex 67.7971 4.89107 62.7716
      vertex 68.4131 4.41839 62.3801
    endloop
  endfacet
  facet normal 0.306278 -0.399194 0.864198
    outer loop
      vertex 68.3118 5.18821 62.7716
      vertex 68.074 5.00576 62.7716
      vertex 68.4131 4.41839 62.3801
    endloop
  endfacet
  facet normal -0.56342 -0.432277 0.704056
    outer loop
      vertex 45.9184 5.08686 62.3801
      vertex 45.817 4.31704 61.8263
      vertex 46.2086 4.70862 62.3801
    endloop
  endfacet
  facet normal -0.432264 -0.563434 0.704052
    outer loop
      vertex 46.2086 4.70862 62.3801
      vertex 45.817 4.31704 61.8263
      vertex 46.5869 4.41839 62.3801
    endloop
  endfacet
  facet normal -0.09984 -0.241047 0.965364
    outer loop
      vertex 47.3987 5.62176 62.9743
      vertex 46.926 5.00576 62.7716
      vertex 47.2029 4.89107 62.7716
    endloop
  endfacet
  facet normal -0.19254 -0.464857 0.864197
    outer loop
      vertex 46.926 5.00576 62.7716
      vertex 46.5869 4.41839 62.3801
      vertex 47.2029 4.89107 62.7716
    endloop
  endfacet
  facet normal -0.306278 -0.399194 0.864198
    outer loop
      vertex 46.6882 5.18821 62.7716
      vertex 46.5869 4.41839 62.3801
      vertex 46.926 5.00576 62.7716
    endloop
  endfacet
  facet normal -0.158822 -0.207004 0.965363
    outer loop
      vertex 47.3042 5.66088 62.9743
      vertex 46.6882 5.18821 62.7716
      vertex 46.926 5.00576 62.7716
    endloop
  endfacet
  facet normal -0.207036 0.158787 0.965361
    outer loop
      vertex 47.2231 14.2769 62.9743
      vertex 46.6882 14.8118 62.7716
      vertex 47.1609 14.1958 62.9743
    endloop
  endfacet
  facet normal -0.65607 0.271873 0.704029
    outer loop
      vertex 45.9184 14.9131 62.3801
      vertex 45.201 14.616 61.8263
      vertex 45.7359 14.4727 62.3801
    endloop
  endfacet
  facet normal -0.704093 0.0926478 0.704038
    outer loop
      vertex 45.7359 14.4727 62.3801
      vertex 45.201 14.616 61.8263
      vertex 45.6737 14 62.3801
    endloop
  endfacet
  facet normal -0.49881 0.0656461 0.864222
    outer loop
      vertex 46.3911 14.2971 62.7716
      vertex 45.6737 14 62.3801
      vertex 46.352 14 62.7716
    endloop
  endfacet
  facet normal 0 0 1
    outer loop
      vertex 67.5 14.3916 62.9743
      vertex 67.8916 14 62.9743
      vertex 67.8782 14.1013 62.9743
    endloop
  endfacet
  facet normal 0 0 1
    outer loop
      vertex 67.8916 14 62.9743
      vertex 67.5 14.3916 62.9743
      vertex 67.8916 6 62.9743
    endloop
  endfacet
  facet normal 0 0 1
    outer loop
      vertex 67.5 14.3916 62.9743
      vertex 67.8782 14.1013 62.9743
      vertex 67.8391 14.1958 62.9743
    endloop
  endfacet
  facet normal 0 0 1
    outer loop
      vertex 67.5 5.60842 62.9743
      vertex 67.8916 6 62.9743
      vertex 67.5 14.3916 62.9743
    endloop
  endfacet
  facet normal 0 0 1
    outer loop
      vertex 67.5 14.3916 62.9743
      vertex 67.8391 14.1958 62.9743
      vertex 67.7769 14.2769 62.9743
    endloop
  endfacet
  facet normal 0 0 1
    outer loop
      vertex 67.8916 6 62.9743
      vertex 67.5 5.60842 62.9743
      vertex 67.8782 5.89865 62.9743
    endloop
  endfacet
  facet normal 0 0 1
    outer loop
      vertex 67.5 14.3916 62.9743
      vertex 67.7769 14.2769 62.9743
      vertex 67.6958 14.3391 62.9743
    endloop
  endfacet
  facet normal 0 0 1
    outer loop
      vertex 67.8782 5.89865 62.9743
      vertex 67.5 5.60842 62.9743
      vertex 67.8391 5.80421 62.9743
    endloop
  endfacet
  facet normal 0 0 1
    outer loop
      vertex 67.5 14.3916 62.9743
      vertex 67.6958 14.3391 62.9743
      vertex 67.6013 14.3782 62.9743
    endloop
  endfacet
  facet normal 0 0 1
    outer loop
      vertex 67.8391 5.80421 62.9743
      vertex 67.5 5.60842 62.9743
      vertex 67.7769 5.72311 62.9743
    endloop
  endfacet
  facet normal 0 0 1
    outer loop
      vertex 67.7769 5.72311 62.9743
      vertex 67.5 5.60842 62.9743
      vertex 67.6958 5.66088 62.9743
    endloop
  endfacet
  facet normal 0 0 1
    outer loop
      vertex 67.6958 5.66088 62.9743
      vertex 67.5 5.60842 62.9743
      vertex 67.6013 5.62176 62.9743
    endloop
  endfacet
  facet normal -0 0 1
    outer loop
      vertex 47.5 14.3916 62.9743
      vertex 67.5 5.60842 62.9743
      vertex 67.5 14.3916 62.9743
    endloop
  endfacet
  facet normal 0 0 1
    outer loop
      vertex 47.5 14.3916 62.9743
      vertex 47.5 5.60842 62.9743
      vertex 67.5 5.60842 62.9743
    endloop
  endfacet
  facet normal 0 0 1
    outer loop
      vertex 47.1084 14 62.9743
      vertex 47.5 14.3916 62.9743
      vertex 47.3987 14.3782 62.9743
    endloop
  endfacet
  facet normal 0 0 1
    outer loop
      vertex 47.5 14.3916 62.9743
      vertex 47.1084 14 62.9743
      vertex 47.5 5.60842 62.9743
    endloop
  endfacet
  facet normal 0 0 1
    outer loop
      vertex 47.1084 14 62.9743
      vertex 47.3987 14.3782 62.9743
      vertex 47.3042 14.3391 62.9743
    endloop
  endfacet
  facet normal -0 0 1
    outer loop
      vertex 47.1084 6 62.9743
      vertex 47.5 5.60842 62.9743
      vertex 47.1084 14 62.9743
    endloop
  endfacet
  facet normal 0 0 1
    outer loop
      vertex 47.1084 14 62.9743
      vertex 47.3042 14.3391 62.9743
      vertex 47.2231 14.2769 62.9743
    endloop
  endfacet
  facet normal 0 0 1
    outer loop
      vertex 47.5 5.60842 62.9743
      vertex 47.1084 6 62.9743
      vertex 47.3987 5.62176 62.9743
    endloop
  endfacet
  facet normal 0 0 1
    outer loop
      vertex 47.1084 14 62.9743
      vertex 47.2231 14.2769 62.9743
      vertex 47.1609 14.1958 62.9743
    endloop
  endfacet
  facet normal 0 0 1
    outer loop
      vertex 47.3987 5.62176 62.9743
      vertex 47.1084 6 62.9743
      vertex 47.3042 5.66088 62.9743
    endloop
  endfacet
  facet normal 0 0 1
    outer loop
      vertex 47.1084 14 62.9743
      vertex 47.1609 14.1958 62.9743
      vertex 47.1218 14.1013 62.9743
    endloop
  endfacet
  facet normal 0 0 1
    outer loop
      vertex 47.3042 5.66088 62.9743
      vertex 47.1084 6 62.9743
      vertex 47.2231 5.72311 62.9743
    endloop
  endfacet
  facet normal 0 0 1
    outer loop
      vertex 47.2231 5.72311 62.9743
      vertex 47.1084 6 62.9743
      vertex 47.1609 5.80421 62.9743
    endloop
  endfacet
  facet normal 0 0 1
    outer loop
      vertex 47.1609 5.80421 62.9743
      vertex 47.1084 6 62.9743
      vertex 47.1218 5.89865 62.9743
    endloop
  endfacet
  facet normal -0.258675 0.034043 0.965364
    outer loop
      vertex 46.3911 14.2971 62.7716
      vertex 46.352 14 62.7716
      vertex 47.1218 14.1013 62.9743
    endloop
  endfacet
  facet normal -0.258695 0.0342203 0.965353
    outer loop
      vertex 47.1218 14.1013 62.9743
      vertex 46.352 14 62.7716
      vertex 47.1084 14 62.9743
    endloop
  endfacet
  facet normal -0.241107 0.0997595 0.965358
    outer loop
      vertex 47.1609 14.1958 62.9743
      vertex 46.5058 14.574 62.7716
      vertex 47.1218 14.1013 62.9743
    endloop
  endfacet
  facet normal -0.207026 0.158795 0.965362
    outer loop
      vertex 46.6882 14.8118 62.7716
      vertex 46.5058 14.574 62.7716
      vertex 47.1609 14.1958 62.9743
    endloop
  endfacet
  facet normal -0.99144 0 0.130565
    outer loop
      vertex 60.8807 16 54.0941
      vertex 61 3.01662 55
      vertex 61 16 55
    endloop
  endfacet
  facet normal -0.99144 0 0.130565
    outer loop
      vertex 61 3.01662 55
      vertex 60.8807 16 54.0941
      vertex 60.8807 3.0151 54.0941
    endloop
  endfacet
  facet normal 0.793372 0 -0.608737
    outer loop
      vertex 55.0251 3.02077 57.4749
      vertex 54.4689 16 56.75
      vertex 55.0251 16 57.4749
    endloop
  endfacet
  facet normal 0.793372 0 -0.608737
    outer loop
      vertex 54.4689 16 56.75
      vertex 55.0251 3.02077 57.4749
      vertex 54.4689 3.01955 56.75
    endloop
  endfacet
  facet normal -0.382648 0 -0.923894
    outer loop
      vertex 58.4059 3.02229 58.3807
      vertex 59.25 16 58.0311
      vertex 59.25 3.0217 58.0311
    endloop
  endfacet
  facet normal -0.382648 0 -0.923894
    outer loop
      vertex 59.25 16 58.0311
      vertex 58.4059 3.02229 58.3807
      vertex 58.4059 16 58.3807
    endloop
  endfacet
  facet normal -0.923894 0 0.382648
    outer loop
      vertex 60.5311 16 53.25
      vertex 60.8807 3.0151 54.0941
      vertex 60.8807 16 54.0941
    endloop
  endfacet
  facet normal -0.923894 0 0.382648
    outer loop
      vertex 60.8807 3.0151 54.0941
      vertex 60.5311 16 53.25
      vertex 60.5311 3.01368 53.25
    endloop
  endfacet
  facet normal 0.608737 0 -0.793372
    outer loop
      vertex 55.0251 3.02077 57.4749
      vertex 55.75 16 58.0311
      vertex 55.75 3.0217 58.0311
    endloop
  endfacet
  facet normal 0.608737 0 -0.793372
    outer loop
      vertex 55.75 16 58.0311
      vertex 55.0251 3.02077 57.4749
      vertex 55.0251 16 57.4749
    endloop
  endfacet
  facet normal -0.608737 0 0.793372
    outer loop
      vertex 59.25 16 51.9689
      vertex 59.9749 3.01246 52.5251
      vertex 59.9749 16 52.5251
    endloop
  endfacet
  facet normal -0.608737 0 0.793372
    outer loop
      vertex 59.9749 3.01246 52.5251
      vertex 59.25 16 51.9689
      vertex 59.25 3.01153 51.9689
    endloop
  endfacet
  facet normal 0.923894 -0 0.382648
    outer loop
      vertex 54.1193 3.0151 54.0941
      vertex 54.4689 16 53.25
      vertex 54.1193 16 54.0941
    endloop
  endfacet
  facet normal 0.923894 0 0.382648
    outer loop
      vertex 54.4689 16 53.25
      vertex 54.1193 3.0151 54.0941
      vertex 54.4689 3.01368 53.25
    endloop
  endfacet
  facet normal 0.923894 0 -0.382648
    outer loop
      vertex 54.4689 3.01955 56.75
      vertex 54.1193 16 55.9059
      vertex 54.4689 16 56.75
    endloop
  endfacet
  facet normal 0.923894 0 -0.382648
    outer loop
      vertex 54.1193 16 55.9059
      vertex 54.4689 3.01955 56.75
      vertex 54.1193 3.01814 55.9059
    endloop
  endfacet
  facet normal -0.793372 0 -0.608737
    outer loop
      vertex 60.5311 16 56.75
      vertex 59.9749 3.02077 57.4749
      vertex 59.9749 16 57.4749
    endloop
  endfacet
  facet normal -0.793372 0 -0.608737
    outer loop
      vertex 59.9749 3.02077 57.4749
      vertex 60.5311 16 56.75
      vertex 60.5311 3.01955 56.75
    endloop
  endfacet
  facet normal -0.130565 0 -0.99144
    outer loop
      vertex 57.5 3.02249 58.5
      vertex 58.4059 16 58.3807
      vertex 58.4059 3.02229 58.3807
    endloop
  endfacet
  facet normal -0.130565 0 -0.99144
    outer loop
      vertex 58.4059 16 58.3807
      vertex 57.5 3.02249 58.5
      vertex 57.5 16 58.5
    endloop
  endfacet
  facet normal -0.382648 0 0.923894
    outer loop
      vertex 58.4059 16 51.6193
      vertex 59.25 3.01153 51.9689
      vertex 59.25 16 51.9689
    endloop
  endfacet
  facet normal -0.382648 0 0.923894
    outer loop
      vertex 59.25 3.01153 51.9689
      vertex 58.4059 16 51.6193
      vertex 58.4059 3.01094 51.6193
    endloop
  endfacet
  facet normal -0.793372 0 0.608737
    outer loop
      vertex 59.9749 16 52.5251
      vertex 60.5311 3.01368 53.25
      vertex 60.5311 16 53.25
    endloop
  endfacet
  facet normal -0.793372 0 0.608737
    outer loop
      vertex 60.5311 3.01368 53.25
      vertex 59.9749 16 52.5251
      vertex 59.9749 3.01246 52.5251
    endloop
  endfacet
  facet normal -0.130565 0 0.99144
    outer loop
      vertex 57.5 16 51.5
      vertex 58.4059 3.01094 51.6193
      vertex 58.4059 16 51.6193
    endloop
  endfacet
  facet normal -0.130565 0 0.99144
    outer loop
      vertex 58.4059 3.01094 51.6193
      vertex 57.5 16 51.5
      vertex 57.5 3.01074 51.5
    endloop
  endfacet
  facet normal 0.382648 0 -0.923894
    outer loop
      vertex 55.75 3.0217 58.0311
      vertex 56.5941 16 58.3807
      vertex 56.5941 3.02229 58.3807
    endloop
  endfacet
  facet normal 0.382648 0 -0.923894
    outer loop
      vertex 56.5941 16 58.3807
      vertex 55.75 3.0217 58.0311
      vertex 55.75 16 58.0311
    endloop
  endfacet
  facet normal -0.923894 0 -0.382648
    outer loop
      vertex 60.8807 16 55.9059
      vertex 60.5311 3.01955 56.75
      vertex 60.5311 16 56.75
    endloop
  endfacet
  facet normal -0.923894 0 -0.382648
    outer loop
      vertex 60.5311 3.01955 56.75
      vertex 60.8807 16 55.9059
      vertex 60.8807 3.01814 55.9059
    endloop
  endfacet
  facet normal 0.793372 -0 0.608737
    outer loop
      vertex 54.4689 3.01368 53.25
      vertex 55.0251 16 52.5251
      vertex 54.4689 16 53.25
    endloop
  endfacet
  facet normal 0.793372 0 0.608737
    outer loop
      vertex 55.0251 16 52.5251
      vertex 54.4689 3.01368 53.25
      vertex 55.0251 3.01246 52.5251
    endloop
  endfacet
  facet normal 0.130565 0 -0.99144
    outer loop
      vertex 56.5941 3.02229 58.3807
      vertex 57.5 16 58.5
      vertex 57.5 3.02249 58.5
    endloop
  endfacet
  facet normal 0.130565 0 -0.99144
    outer loop
      vertex 57.5 16 58.5
      vertex 56.5941 3.02229 58.3807
      vertex 56.5941 16 58.3807
    endloop
  endfacet
  facet normal 0.99144 0 -0.130565
    outer loop
      vertex 54.1193 3.01814 55.9059
      vertex 54 16 55
      vertex 54.1193 16 55.9059
    endloop
  endfacet
  facet normal 0.99144 0 -0.130565
    outer loop
      vertex 54 16 55
      vertex 54.1193 3.01814 55.9059
      vertex 54 3.01662 55
    endloop
  endfacet
  facet normal 0.382648 0 0.923894
    outer loop
      vertex 55.75 16 51.9689
      vertex 56.5941 3.01094 51.6193
      vertex 56.5941 16 51.6193
    endloop
  endfacet
  facet normal 0.382648 0 0.923894
    outer loop
      vertex 56.5941 3.01094 51.6193
      vertex 55.75 16 51.9689
      vertex 55.75 3.01153 51.9689
    endloop
  endfacet
  facet normal -0.99144 0 -0.130565
    outer loop
      vertex 61 16 55
      vertex 60.8807 3.01814 55.9059
      vertex 60.8807 16 55.9059
    endloop
  endfacet
  facet normal -0.99144 0 -0.130565
    outer loop
      vertex 60.8807 3.01814 55.9059
      vertex 61 16 55
      vertex 61 3.01662 55
    endloop
  endfacet
  facet normal 0.608737 0 0.793372
    outer loop
      vertex 55.0251 16 52.5251
      vertex 55.75 3.01153 51.9689
      vertex 55.75 16 51.9689
    endloop
  endfacet
  facet normal 0.608737 0 0.793372
    outer loop
      vertex 55.75 3.01153 51.9689
      vertex 55.0251 16 52.5251
      vertex 55.0251 3.01246 52.5251
    endloop
  endfacet
  facet normal -0.608737 0 -0.793372
    outer loop
      vertex 59.25 3.0217 58.0311
      vertex 59.9749 16 57.4749
      vertex 59.9749 3.02077 57.4749
    endloop
  endfacet
  facet normal -0.608737 0 -0.793372
    outer loop
      vertex 59.9749 16 57.4749
      vertex 59.25 3.0217 58.0311
      vertex 59.25 16 58.0311
    endloop
  endfacet
  facet normal 0.130565 0 0.99144
    outer loop
      vertex 56.5941 16 51.6193
      vertex 57.5 3.01074 51.5
      vertex 57.5 16 51.5
    endloop
  endfacet
  facet normal 0.130565 0 0.99144
    outer loop
      vertex 57.5 3.01074 51.5
      vertex 56.5941 16 51.6193
      vertex 56.5941 3.01094 51.6193
    endloop
  endfacet
  facet normal 0.99144 -0 0.130565
    outer loop
      vertex 54 3.01662 55
      vertex 54.1193 16 54.0941
      vertex 54 16 55
    endloop
  endfacet
  facet normal 0.99144 0 0.130565
    outer loop
      vertex 54.1193 16 54.0941
      vertex 54 3.01662 55
      vertex 54.1193 3.0151 54.0941
    endloop
  endfacet
  facet normal -0.707499 0.700545 0.0931722
    outer loop
      vertex 61 16 55
      vertex 61.9706 16.9834 54.9762
      vertex 60.8807 16 54.0941
    endloop
  endfacet
  facet normal -0.707805 0.700751 0.0892191
    outer loop
      vertex 61.9706 16.9834 54.9762
      vertex 61 16 55
      vertex 61.9736 16.9834 55
    endloop
  endfacet
  facet normal -0.707482 0.700568 -0.0931358
    outer loop
      vertex 61.8194 16.9814 56.1574
      vertex 61.9705 16.9833 55.0239
      vertex 60.8807 16 55.9059
    endloop
  endfacet
  facet normal 0.273121 0.700547 -0.659272
    outer loop
      vertex 56.344 16.9761 59.3143
      vertex 56.5941 16 58.3807
      vertex 55.2941 16.9769 58.8802
    endloop
  endfacet
  facet normal 0.707482 0.700568 -0.0931358
    outer loop
      vertex 53.1806 16.9814 56.1574
      vertex 54.1193 16 55.9059
      vertex 53.0295 16.9833 55.0239
    endloop
  endfacet
  facet normal 0.707491 0.700557 0.0931482
    outer loop
      vertex 54.1193 16 54.0941
      vertex 53.1769 16.9853 53.8416
      vertex 53.0294 16.9834 54.9762
    endloop
  endfacet
  facet normal -0.65924 0.70056 -0.273165
    outer loop
      vertex 61.3816 16.9797 57.2096
      vertex 61.8194 16.9814 56.1574
      vertex 60.8807 16 55.9059
    endloop
  endfacet
  facet normal 0.0930676 0.70056 0.707498
    outer loop
      vertex 56.5941 16 51.6193
      vertex 57.4829 16.9909 50.5212
      vertex 56.3403 16.9906 50.6718
    endloop
  endfacet
  facet normal 0.659262 0.700552 0.273132
    outer loop
      vertex 54.1193 16 54.0941
      vertex 53.6146 16.9871 52.7805
      vertex 53.1769 16.9853 53.8416
    endloop
  endfacet
  facet normal -0.43354 0.700446 0.566938
    outer loop
      vertex 60.6518 16.9887 51.8212
      vertex 59.9749 16 52.5251
      vertex 60.6671 16.9887 51.8329
    endloop
  endfacet
  facet normal -0.43442 0.700511 0.566183
    outer loop
      vertex 59.9749 16 52.5251
      vertex 60.6518 16.9887 51.8212
      vertex 59.25 16 51.9689
    endloop
  endfacet
  facet normal 0.707495 0.70055 -0.0931716
    outer loop
      vertex 54 16 55
      vertex 53.0295 16.9833 55.0239
      vertex 54.1193 16 55.9059
    endloop
  endfacet
  facet normal 0.707826 0.700773 -0.088878
    outer loop
      vertex 53.0295 16.9833 55.0239
      vertex 54 16 55
      vertex 53.0264 16.9834 55
    endloop
  endfacet
  facet normal -0.434871 0.700519 -0.565827
    outer loop
      vertex 59.9749 16 57.4749
      vertex 60.6367 16.9781 58.1772
      vertex 60.6596 16.9781 58.1596
    endloop
  endfacet
  facet normal -0.434433 0.70049 -0.5662
    outer loop
      vertex 60.6367 16.9781 58.1772
      vertex 59.9749 16 57.4749
      vertex 59.25 16 58.0311
    endloop
  endfacet
  facet normal 0.434412 0.700522 0.566175
    outer loop
      vertex 55.0251 16 52.5251
      vertex 55.2455 16.9899 51.1312
      vertex 54.3329 16.9887 51.8329
    endloop
  endfacet
  facet normal -0.272527 0.700476 0.659593
    outer loop
      vertex 59.7233 16.9899 51.1132
      vertex 59.25 16 51.9689
      vertex 59.74 16.9899 51.1201
    endloop
  endfacet
  facet normal -0.273074 0.70051 0.65933
    outer loop
      vertex 59.25 16 51.9689
      vertex 59.7233 16.9899 51.1132
      vertex 58.4059 16 51.6193
    endloop
  endfacet
  facet normal -0.273135 0.700554 0.659258
    outer loop
      vertex 59.7233 16.9899 51.1132
      vertex 58.6597 16.9906 50.6718
      vertex 58.4059 16 51.6193
    endloop
  endfacet
  facet normal -0.707491 0.700557 0.0931482
    outer loop
      vertex 61.9706 16.9834 54.9762
      vertex 61.8231 16.9853 53.8416
      vertex 60.8807 16 54.0941
    endloop
  endfacet
  facet normal -0.659262 0.700552 0.273132
    outer loop
      vertex 61.8231 16.9853 53.8416
      vertex 61.3854 16.9871 52.7805
      vertex 60.8807 16 54.0941
    endloop
  endfacet
  facet normal -0.434423 0.700514 0.566178
    outer loop
      vertex 60.6518 16.9887 51.8212
      vertex 59.74 16.9899 51.1201
      vertex 59.25 16 51.9689
    endloop
  endfacet
  facet normal 0.565548 0.700461 0.435329
    outer loop
      vertex 54.4689 16 53.25
      vertex 53.635 16.9872 52.7449
      vertex 53.6225 16.9871 52.7613
    endloop
  endfacet
  facet normal 0.566175 0.700522 0.434414
    outer loop
      vertex 53.635 16.9872 52.7449
      vertex 54.4689 16 53.25
      vertex 55.0251 16 52.5251
    endloop
  endfacet
  facet normal 0.273073 0.700512 -0.659329
    outer loop
      vertex 55.75 16 58.0311
      vertex 55.2941 16.9769 58.8802
      vertex 56.5941 16 58.3807
    endloop
  endfacet
  facet normal 0.273621 0.700542 -0.659069
    outer loop
      vertex 55.2941 16.9769 58.8802
      vertex 55.75 16 58.0311
      vertex 55.2664 16.9769 58.8687
    endloop
  endfacet
  facet normal 0.273074 0.70051 0.65933
    outer loop
      vertex 55.2767 16.9899 51.1132
      vertex 55.75 16 51.9689
      vertex 56.5941 16 51.6193
    endloop
  endfacet
  facet normal 0.272527 0.700476 0.659593
    outer loop
      vertex 55.75 16 51.9689
      vertex 55.2767 16.9899 51.1132
      vertex 55.26 16.9899 51.1201
    endloop
  endfacet
  facet normal -0.273121 0.700547 -0.659272
    outer loop
      vertex 58.656 16.9761 59.3143
      vertex 59.7059 16.9769 58.8802
      vertex 58.4059 16 58.3807
    endloop
  endfacet
  facet normal 0.564829 0.700617 -0.436009
    outer loop
      vertex 55.0251 16 57.4749
      vertex 54.3228 16.9781 58.1368
      vertex 54.3404 16.9781 58.1596
    endloop
  endfacet
  facet normal 0.566182 0.700513 -0.434419
    outer loop
      vertex 54.3228 16.9781 58.1368
      vertex 55.0251 16 57.4749
      vertex 54.4689 16 56.75
    endloop
  endfacet
  facet normal 0.707805 0.700751 0.0892191
    outer loop
      vertex 54 16 55
      vertex 53.0294 16.9834 54.9762
      vertex 53.0264 16.9834 55
    endloop
  endfacet
  facet normal 0.707499 0.700545 0.0931722
    outer loop
      vertex 53.0294 16.9834 54.9762
      vertex 54 16 55
      vertex 54.1193 16 54.0941
    endloop
  endfacet
  facet normal -0.566175 0.700523 0.434413
    outer loop
      vertex 61.365 16.9872 52.7449
      vertex 60.6671 16.9887 51.8329
      vertex 59.9749 16 52.5251
    endloop
  endfacet
  facet normal -0.566125 0.700542 -0.434446
    outer loop
      vertex 60.6772 16.9781 58.1368
      vertex 61.3711 16.9796 57.235
      vertex 60.5311 16 56.75
    endloop
  endfacet
  facet normal -0.564829 0.700617 -0.436009
    outer loop
      vertex 60.6772 16.9781 58.1368
      vertex 59.9749 16 57.4749
      vertex 60.6596 16.9781 58.1596
    endloop
  endfacet
  facet normal -0.566182 0.700513 -0.434419
    outer loop
      vertex 59.9749 16 57.4749
      vertex 60.6772 16.9781 58.1368
      vertex 60.5311 16 56.75
    endloop
  endfacet
  facet normal -0.434446 0.700505 -0.566171
    outer loop
      vertex 59.7336 16.9769 58.8687
      vertex 60.6367 16.9781 58.1772
      vertex 59.25 16 58.0311
    endloop
  endfacet
  facet normal -0.0951458 0.700392 0.707388
    outer loop
      vertex 57.5 16 51.5
      vertex 57.5171 16.9909 50.5212
      vertex 57.5 16.9909 50.5189
    endloop
  endfacet
  facet normal -0.0931772 0.700506 0.707538
    outer loop
      vertex 57.5171 16.9909 50.5212
      vertex 57.5 16 51.5
      vertex 58.4059 16 51.6193
    endloop
  endfacet
  facet normal -0.707826 0.700773 -0.088878
    outer loop
      vertex 61 16 55
      vertex 61.9705 16.9833 55.0239
      vertex 61.9736 16.9834 55
    endloop
  endfacet
  facet normal -0.707495 0.70055 -0.0931716
    outer loop
      vertex 61.9705 16.9833 55.0239
      vertex 61 16 55
      vertex 60.8807 16 55.9059
    endloop
  endfacet
  facet normal 0.566175 0.700523 0.434413
    outer loop
      vertex 55.0251 16 52.5251
      vertex 54.3329 16.9887 51.8329
      vertex 53.635 16.9872 52.7449
    endloop
  endfacet
  facet normal -0.0930676 0.70056 0.707498
    outer loop
      vertex 58.4059 16 51.6193
      vertex 58.6597 16.9906 50.6718
      vertex 57.5171 16.9909 50.5212
    endloop
  endfacet
  facet normal 0.660638 0.700338 -0.270341
    outer loop
      vertex 54.4689 16 56.75
      vertex 53.6184 16.9797 57.2096
      vertex 53.6289 16.9796 57.235
    endloop
  endfacet
  facet normal 0.659342 0.700497 -0.273079
    outer loop
      vertex 53.6184 16.9797 57.2096
      vertex 54.4689 16 56.75
      vertex 54.1193 16 55.9059
    endloop
  endfacet
  facet normal 0.273135 0.700554 0.659258
    outer loop
      vertex 56.5941 16 51.6193
      vertex 56.3403 16.9906 50.6718
      vertex 55.2767 16.9899 51.1132
    endloop
  endfacet
  facet normal 0.65924 0.70056 -0.273165
    outer loop
      vertex 53.6184 16.9797 57.2096
      vertex 54.1193 16 55.9059
      vertex 53.1806 16.9814 56.1574
    endloop
  endfacet
  facet normal 0.0924945 0.70055 -0.707583
    outer loop
      vertex 57.5 16 58.5
      vertex 57.4694 16.9759 59.4622
      vertex 57.5 16.9759 59.4662
    endloop
  endfacet
  facet normal 0.0931759 0.700516 -0.707527
    outer loop
      vertex 57.4694 16.9759 59.4622
      vertex 57.5 16 58.5
      vertex 56.5941 16 58.3807
    endloop
  endfacet
  facet normal -0.660638 0.700338 -0.270341
    outer loop
      vertex 61.3816 16.9797 57.2096
      vertex 60.5311 16 56.75
      vertex 61.3711 16.9796 57.235
    endloop
  endfacet
  facet normal -0.659342 0.700497 -0.273079
    outer loop
      vertex 60.5311 16 56.75
      vertex 61.3816 16.9797 57.2096
      vertex 60.8807 16 55.9059
    endloop
  endfacet
  facet normal 0.434493 0.700486 -0.566158
    outer loop
      vertex 55.2426 16.9769 58.8505
      vertex 55.0251 16 57.4749
      vertex 54.3404 16.9781 58.1596
    endloop
  endfacet
  facet normal 0.0951458 0.700392 0.707388
    outer loop
      vertex 57.4829 16.9909 50.5212
      vertex 57.5 16 51.5
      vertex 57.5 16.9909 50.5189
    endloop
  endfacet
  facet normal 0.0931772 0.700506 0.707538
    outer loop
      vertex 57.5 16 51.5
      vertex 57.4829 16.9909 50.5212
      vertex 56.5941 16 51.6193
    endloop
  endfacet
  facet normal -0.0931759 0.700516 -0.707527
    outer loop
      vertex 57.5 16 58.5
      vertex 57.5306 16.9759 59.4622
      vertex 58.4059 16 58.3807
    endloop
  endfacet
  facet normal -0.0924945 0.70055 -0.707583
    outer loop
      vertex 57.5306 16.9759 59.4622
      vertex 57.5 16 58.5
      vertex 57.5 16.9759 59.4662
    endloop
  endfacet
  facet normal 0.566125 0.700542 -0.434446
    outer loop
      vertex 54.3228 16.9781 58.1368
      vertex 54.4689 16 56.75
      vertex 53.6289 16.9796 57.235
    endloop
  endfacet
  facet normal 0.0931043 0.700552 -0.707502
    outer loop
      vertex 57.4694 16.9759 59.4622
      vertex 56.5941 16 58.3807
      vertex 56.344 16.9761 59.3143
    endloop
  endfacet
  facet normal 0.65933 0.70051 0.273074
    outer loop
      vertex 54.4689 16 53.25
      vertex 53.6146 16.9871 52.7805
      vertex 54.1193 16 54.0941
    endloop
  endfacet
  facet normal 0.660044 0.700418 0.271581
    outer loop
      vertex 53.6146 16.9871 52.7805
      vertex 54.4689 16 53.25
      vertex 53.6225 16.9871 52.7613
    endloop
  endfacet
  facet normal 0.434414 0.700522 0.566175
    outer loop
      vertex 55.75 16 51.9689
      vertex 55.2455 16.9899 51.1312
      vertex 55.0251 16 52.5251
    endloop
  endfacet
  facet normal 0.433759 0.700566 0.566622
    outer loop
      vertex 55.2455 16.9899 51.1312
      vertex 55.75 16 51.9689
      vertex 55.26 16.9899 51.1201
    endloop
  endfacet
  facet normal -0.273621 0.700542 -0.659069
    outer loop
      vertex 59.25 16 58.0311
      vertex 59.7059 16.9769 58.8802
      vertex 59.7336 16.9769 58.8687
    endloop
  endfacet
  facet normal -0.273073 0.700512 -0.659329
    outer loop
      vertex 59.7059 16.9769 58.8802
      vertex 59.25 16 58.0311
      vertex 58.4059 16 58.3807
    endloop
  endfacet
  facet normal -0.565548 0.700461 0.435329
    outer loop
      vertex 61.365 16.9872 52.7449
      vertex 60.5311 16 53.25
      vertex 61.3775 16.9871 52.7613
    endloop
  endfacet
  facet normal -0.566175 0.700522 0.434414
    outer loop
      vertex 60.5311 16 53.25
      vertex 61.365 16.9872 52.7449
      vertex 59.9749 16 52.5251
    endloop
  endfacet
  facet normal -0.65933 0.70051 0.273074
    outer loop
      vertex 61.3854 16.9871 52.7805
      vertex 60.5311 16 53.25
      vertex 60.8807 16 54.0941
    endloop
  endfacet
  facet normal -0.660044 0.700418 0.271581
    outer loop
      vertex 60.5311 16 53.25
      vertex 61.3854 16.9871 52.7805
      vertex 61.3775 16.9871 52.7613
    endloop
  endfacet
  facet normal -0.0931043 0.700552 -0.707502
    outer loop
      vertex 58.656 16.9761 59.3143
      vertex 58.4059 16 58.3807
      vertex 57.5306 16.9759 59.4622
    endloop
  endfacet
  facet normal 0.433459 0.700582 -0.566831
    outer loop
      vertex 55.75 16 58.0311
      vertex 55.2426 16.9769 58.8505
      vertex 55.2664 16.9769 58.8687
    endloop
  endfacet
  facet normal 0.434412 0.700525 -0.566173
    outer loop
      vertex 55.2426 16.9769 58.8505
      vertex 55.75 16 58.0311
      vertex 55.0251 16 57.4749
    endloop
  endfacet
endsolid OpenSCAD_Model
